Country,Year,FSI,FSI_Category,C1: Security Apparatus,C2: Factionalized Elites,C3: Group Grievance,E1: Economy,E2: Economic Inequality,E3: Human Flight and Brain Drain,P1: State Legitimacy,P2: Public Services,P3: Human Rights,S1: Demographic Pressures,S2: Refugees and IDPs,X1: External Intervention,GDP_per_capita,Internet_users_percent,Life_expectancy,Military_expenditure_percent
Afghanistan,2019,105.0,Very High Alert,10.0,8.6,7.8,8.6,7.5,7.8,9.0,9.8,7.9,9.3,9.6,9.1,496.6025042585,17.60000038,62.941,1.17096838242129
Afghanistan,2020,102.90118710068992,Very High Alert,9.932962647670893,8.9,7.5,8.299999999999999,7.729525686149799,7.5,9.006570219527681,9.5,7.6,9.0,9.3,8.63212854734157,510.787063366811,17.04850006,61.454,1.35885692738929
Afghanistan,2021,102.1,Very High Alert,10.0,8.6,7.2,9.2,8.1,7.0,8.7,9.8,7.4,9.0,8.8,8.3,356.496214115892,16.51429939,60.417,1.827933856217
Albania,2019,58.9,Stable,5.1,6.2,4.3,6.0,3.0,7.8,5.7,3.8,4.2,3.1,3.0,6.7,6069.43903131027,68.5503911218006,79.467,1.28080596201472
Albania,2020,58.75381081040027,Stable,5.072585756196846,6.2,4.4,5.773246397638608,2.7,8.1,5.8,3.8727376414843686,3.9,3.6,2.935241015080445,6.4,6027.91350716348,72.23767711,77.824,1.29583570269739
Albania,2021,59.00000000000001,Stable,4.8,6.2,4.1,6.4,2.9,8.3,5.5,4.4,3.6,4.1,2.6,6.1,7242.45513146613,79.32371752,76.844,1.24298808396067
Algeria,2019,75.4,Warning,6.6,7.1,7.4,6.3,6.0,6.1,7.4,5.4,6.6,4.6,7.4,4.3,4468.45341883656,55.79069901,75.682,5.32695853750995
Algeria,2020,74.57518290066574,Warning,6.317766828484937,7.81,7.472406892343541,6.2,5.7,5.8,8.270365822794373,5.1000000000000005,6.3,4.504643357042894,7.1000000000000005,4.0,3743.5419522929,63.47269821,73.257,5.88614822110901
Algeria,2021,73.6,Warning,6.0,7.5,7.2,6.8,5.6,5.5,7.8,5.6,6.3,4.8,6.8,3.7,4160.55926736925,72.21240234,75.208,4.89003270596997
Angola,2019,87.8,Warning,6.9,7.2,7.5,6.6,9.3,6.6,8.0,8.7,6.7,8.9,6.5,4.9,2493.67884440177,32.12939835,63.051,1.76791430458684
Angola,2020,87.32003902658735,Warning,7.08223650477891,7.2,7.8,6.9,9.0,6.3,8.0497760072349,8.708896953443105,6.4,8.818717206717086,6.2,4.860412354413354,1759.35619918264,33.32089996,63.116,1.81042916830117
Angola,2021,89.0,Warning,7.2,7.2,8.1,8.4,8.9,6.0,8.2,9.3,6.2,9.0,5.9,4.6,2303.90812662776,34.55649948,62.958,1.39322266365773
Antigua and Barbuda,2019,54.4,Stable,5.7,3.7,3.6,5.1,4.2,6.4,4.8,3.7,4.5,4.3,2.9,5.5,18896.3721832248,71.09259796,77.168,1.56628172321816
Antigua and Barbuda,2020,52.06235185360498,Stable,5.7,3.7,3.6,4.8,4.2,6.162351853604967,4.5,3.4000000000000004,4.2,4.0,2.6,5.2,15369.6082250401,71.36840057,77.161,1.56628172321816
Antigua and Barbuda,2021,54.9,Stable,5.4,3.7,3.6,6.9,4.5,6.0,4.2,4.4,3.9,4.3,2.5,5.5,17348.6006987182,71.64530182,77.197,1.56628172321816
Argentina,2019,46.0,Sustainable,4.9,2.8,4.4,4.9,5.2,3.0,4.2,3.3,3.9,3.2,1.9,4.3,9955.97478680428,79.9469520347551,76.847,0.699696134379197
Argentina,2020,46.08795043426503,Sustainable,5.2,2.8,4.1000000000000005,5.4,4.9,2.9401200249243367,3.9,3.3478304093406908,3.6,3.3000000000000003,2.0,4.6,8535.59938004389,85.51438646,75.878,0.734111593948744
Argentina,2021,50.09999999999999,Stable,4.9,2.8,3.8,7.1,4.9,3.0,4.0,4.8,3.3,5.3,1.9,4.3,10738.0179223384,87.15070683,73.948,0.631788619254705
Armenia,2019,66.7,Stable,4.9,7.4,5.5,6.5,3.9,6.4,7.1,3.3,6.6,2.5,6.4,6.3,4597.22887399548,66.5439496866159,76.2219512195122,4.78770584078564
Armenia,2020,64.2,Stable,5.2,7.0,5.0,6.2,3.6,6.5,6.6,3.3,6.3,2.379616723573357,6.1000000000000005,6.0,4268.68093304583,76.50770055,73.3756097560976,4.98254372367497
Armenia,2021,69.8,Stable,5.7,7.0,5.3,6.6,3.6,6.8,6.9,3.9,6.0,4.4,6.6,7.0,4685.17997128509,78.61225758,72.2780487804878,4.46514475903396
Australia,2019,19.7,Very Sustainable,2.7,1.7,3.3,1.6,1.6,1.0,1.0,1.5,1.7,1.2,1.7,0.7,55194.7585097428,93.60990143,82.9,1.88000240626833
Australia,2020,19.746408857575208,Very Sustainable,3.0,1.7,3.4,1.3,1.546408857575207,0.7,0.7,1.8,1.4,1.9,1.8,0.5,51983.4523666382,94.6934967,83.2,2.00738622102391
Australia,2021,21.8,Very Sustainable,2.7,1.7,3.1,1.6,1.8,0.5,0.5,2.8,1.7,2.9,2.0,0.5,60758.9044397144,96.97219849,83.3,1.97847691589702
Austria,2019,25.0,Very Sustainable,1.6,3.2,4.5,1.6,2.3,1.4,1.1,1.1,0.9,1.3,5.0,0.9,49885.9947355204,87.7522047870069,81.8951219512195,0.753133437614439
Austria,2020,24.108703082430992,Very Sustainable,1.9,3.2,4.2,1.3,2.0,1.5701774940969413,0.8,1.3385255883340474,0.6000000000000001,1.9,4.7,0.6000000000000001,48716.4098900349,87.52942813,81.1926829268293,0.885811629497475
Austria,2021,26.1,Very Sustainable,1.6,3.2,3.9,1.8,2.3,1.6,0.6,2.3,0.5,3.4,4.4,0.5,53648.6437976214,92.52915104,81.190243902439,0.873515488270759
Azerbaijan,2019,73.2,Warning,5.8,7.9,5.9,4.4,5.5,4.3,9.0,4.8,8.3,4.0,7.1,6.2,4805.75371765917,81.0999990651547,73.29,3.8490186357853
Azerbaijan,2020,71.28215920806875,Warning,5.938549971908307,7.9,5.6000000000000005,4.352511675852315,5.2,4.291097560308109,9.1,4.5,8.0,3.7,6.8,5.9,4229.91064904503,84.59999573,70.312,5.24152602506817
Azerbaijan,2021,75.10000000000001,Warning,6.4,7.9,6.1,4.7,5.1,4.3,9.1,5.5,7.7,4.2,6.9,7.2,5408.04535175023,85.99998954,70.999,4.93051740712765
Bahamas,2019,48.8,Sustainable,4.9,4.5,3.5,4.2,4.2,4.3,3.0,4.0,4.0,6.3,2.2,3.7,33640.3369861278,90.69329834,71.408,1.56628172321816
Bahamas,2020,49.86859355975667,Sustainable,5.2,4.5,3.2,3.9,4.2,4.06859355975667,2.7,4.3,4.3,6.8,2.7,4.0,26178.7537607708,92.4437027,72.994,1.56628172321816
Bahamas,2021,52.400000000000006,Stable,4.9,4.5,2.9,5.1,4.5,4.4,2.4,5.7,4.6,7.1,2.6,3.7,30367.8605757708,92.34980011,70.752,1.56628172321816
Bahrain,2019,63.8,Stable,6.3,7.6,9.0,3.9,4.3,3.4,8.5,1.8,8.6,3.7,2.0,4.8,27259.7438599327,99.7015043807778,80.471,4.02986101554975
Bahrain,2020,63.88791153504606,Stable,6.165129158119498,7.6,9.3,3.720265791589136,4.3,3.1,8.334304223095366,2.017870561016116,8.7,3.550341801225944,2.0,5.1,24342.8444554718,99.67103159,78.683,4.05746865109248
Bahrain,2021,66.7,Stable,5.9,7.6,9.6,4.1,5.3,3.0,8.0,3.5,8.6,4.1,1.7,5.3,27147.8083882286,100.0,78.083,3.51979682208909
Bangladesh,2019,87.7,Warning,7.6,9.6,8.0,6.1,6.1,7.6,7.6,7.5,7.3,7.0,7.5,5.8,2129.79896954606,30.38310051,72.625,1.24410082330294
Bangladesh,2020,85.69999999999999,Warning,7.3,9.3,8.3,5.8,6.0,7.3,7.3,7.2,7.0,7.1,7.6,5.5,2248.85078828233,36.10910034,71.421,1.24468950875224
Bangladesh,2021,85.0,Warning,7.0,9.3,8.6,5.5,5.7,7.0,7.4,7.7,7.2,7.1,7.3,5.2,2482.84917843357,38.91744466,71.103,1.16873060016575
Barbados,2019,48.0,Sustainable,4.6,4.2,3.5,5.7,4.3,5.3,1.9,2.4,3.5,4.6,1.9,6.0,21912.1501242857,70.30709839,76.495,1.56628172321816
Barbados,2020,46.40725753500914,Sustainable,4.653168549381493,4.2,3.2,5.4,4.3,5.6,1.6,2.490510099279291,3.363578886348347,4.3,1.6,5.7,19194.4919736739,69.89009857,76.647,1.56628172321816
Barbados,2021,46.99999999999999,Sustainable,4.4,4.2,2.9,6.3,4.6,5.3,1.4,3.8,3.1,4.3,1.3,5.4,21079.6145271791,69.4756012,76.58,1.56628172321816
Belarus,2019,68.2,Stable,5.5,8.3,6.5,5.2,4.3,3.4,8.8,3.6,7.7,4.9,3.0,7.0,6837.77339645635,82.7891520910901,74.2268292682927,1.39642297566801
Belarus,2020,65.75186010132514,Stable,5.451860101325138,8.3,6.2,4.9,4.0,3.7,8.5,3.3000000000000003,7.4,4.6000000000000005,2.7,6.7,6542.85579976768,85.08791245,72.1385609756098,1.40325859867166
Belarus,2021,67.99999999999999,Stable,5.6,8.8,5.9,5.1,3.7,4.1,9.0,3.3,7.9,5.1,2.4,7.1,7489.71894713888,86.88841196,72.0714634146342,1.36528926554311
Belgium,2019,28.6,Very Sustainable,2.6,4.4,4.7,4.2,2.1,2.0,1.4,1.7,1.0,1.7,2.2,0.7,46716.6227467964,90.275428012141,81.9951219512195,0.887004950933882
Belgium,2020,27.09814467478441,Very Sustainable,2.9,4.4,4.4,3.9,1.8,2.3,1.1,1.4771279791120802,0.7,1.517235666426518,2.0,0.6037810292458156,45906.2875805246,91.52641629,80.6951219512195,1.00592796693225
Belgium,2021,31.000000000000004,Sustainable,2.6,4.4,4.1,4.6,2.1,2.5,0.8,2.5,0.6,4.0,2.3,0.5,51658.238294958,92.78867618,81.790243902439,1.04263994220028
Belize,2019,62.5,Stable,6.9,4.3,4.1,6.3,4.8,6.3,4.6,5.3,5.3,4.3,3.1,7.2,6171.61449761423,58.76520157,72.577,1.01662701573035
Belize,2020,60.79466738189765,Stable,7.097421041900278,4.3,4.4,6.0,4.5,6.0,4.3,5.0,5.442876265342244,4.0,2.8,6.954370074655136,5238.54078175696,64.43589783,71.58,1.26623781790202
Belize,2021,64.2,Stable,7.4,4.3,4.7,7.7,4.2,5.7,4.0,6.0,5.4,5.0,3.1,6.7,6142.98930557031,70.65370178,70.917,1.0975102664713
Benin,2019,73.6,Warning,5.9,6.7,2.8,6.5,8.0,7.1,4.8,8.3,4.9,7.7,4.9,6.0,1130.82135339795,20.50099945,59.888,0.473313905552082
Benin,2020,72.54479808532312,Warning,5.6000000000000005,6.7,2.9,6.475503200972419,8.152087133266356,6.8,4.9,8.20857793791345,4.617876543965191,7.612771948783275,4.8,5.777981320422433,1200.19426557789,22.12059975,60.154,0.458762015150415
Benin,2021,72.8,Warning,5.3,6.7,2.6,6.7,8.2,6.5,5.1,8.5,4.9,7.7,5.1,5.5,1318.65158075198,28.20470047,59.61,0.550883648806243
Bhutan,2019,72.0,Warning,3.9,7.5,8.5,5.0,5.3,6.9,3.7,5.5,6.0,5.5,6.4,7.7,3576.87987100503,74.17939758,72.005,1.56628172321816
Bhutan,2020,69.50902262964706,Stable,3.6,7.5,8.8,5.009022629647046,5.0,6.6000000000000005,3.4000000000000004,5.2,5.7,5.2,6.1,7.4,3191.66906999331,76.85079956,72.253,1.56628172321816
Bhutan,2021,68.3,Stable,3.3,7.5,9.1,5.0,4.7,6.1,3.1,6.2,5.2,5.2,5.8,7.1,3570.61257980872,85.63688389,72.448,1.56628172321816
Bolivia,2019,72.9,Warning,5.9,8.0,5.4,5.4,8.2,6.8,6.7,6.2,5.7,6.0,3.4,5.2,4203.15492855788,47.4748191121692,67.82,1.45127092717043
Bolivia,2020,74.96686955912168,Warning,6.2,9.0,5.9,5.117912952209727,8.299999999999999,6.5,7.5,5.9,6.2,6.1,3.3,4.948956606911955,3580.96761778303,59.94010155,62.906,1.39204744468967
Bolivia,2021,74.89999999999998,Warning,5.9,8.5,5.6,5.9,8.2,6.2,7.0,6.9,5.9,7.1,3.1,4.6,4010.76053686204,65.9773785,61.427,1.32579943750687
Bosnia and Herzegovina,2019,71.3,Warning,5.4,8.7,7.2,6.2,4.7,5.9,6.3,3.1,5.0,3.4,7.2,8.2,6122.37541352353,69.9463476317266,77.394,0.807324224885322
Bosnia and Herzegovina,2020,70.22040622293711,Warning,5.313132801851399,8.7,6.9,5.9,4.4,6.2,6.4985330867812685,3.3087403343044377,5.1,3.1,6.9,7.899999999999999,6130.31187968266,73.21175294,76.04,0.827298283159884
Bosnia and Herzegovina,2021,72.89999999999999,Warning,5.0,8.7,6.6,6.4,4.1,6.5,6.2,4.8,4.9,5.1,7.0,7.6,7295.34378682258,75.67620138,74.567,0.886133600491203
Botswana,2019,59.5,Stable,3.8,3.3,4.3,5.8,7.2,5.5,2.7,6.5,5.1,7.9,3.9,3.5,7172.08956480028,48.82279968,67.167,3.08122244554008
Botswana,2020,57.07123296987986,Stable,3.655584307127193,3.3,4.0,5.5,6.9,5.2,2.4000000000000004,6.8,4.879165162835639,7.636483499917027,3.6,3.2,6323.2974967659,51.67819977,67.643,3.33478768726661
Botswana,2021,56.99999999999999,Stable,3.4,3.3,3.9,6.6,6.8,4.9,2.4,7.1,4.8,7.6,3.3,2.9,7807.88794570471,54.70069885,63.303,3.04556932426419
Brazil,2019,71.8,Warning,7.0,6.2,7.0,5.0,7.4,4.5,7.0,6.6,6.9,7.3,3.3,3.6,9029.83304401079,73.9124399133589,75.809,1.38279724638797
Brazil,2020,72.99411372588226,Warning,7.1,6.2,7.3,5.241637182718234,7.1000000000000005,4.2,6.7,6.9,7.0,7.8,3.6,3.8524765431640136,7074.19407495707,81.34269353,74.506,1.32666026860555
Brazil,2021,75.79999999999998,Warning,6.8,6.5,7.7,6.4,7.0,3.9,7.0,7.4,7.4,8.8,3.3,3.6,7972.53696080695,80.68989314,73.038,1.14903763026142
Brunei Darussalam,2019,57.5,Stable,4.5,7.4,5.9,3.5,7.5,4.4,7.7,1.5,7.1,3.1,1.6,3.3,30426.5730656528,95.0,75.049,3.07858724948281
Brunei Darussalam,2020,56.60002751710281,Stable,4.5,7.4,6.2,3.330551364600619,7.5,4.1000000000000005,7.4,1.5694761525021943,7.199999999999999,2.8000000000000003,1.3,3.3,26834.3592233943,96.30549622,75.114,3.63429176862407
Brunei Darussalam,2021,56.3,Stable,4.2,7.4,6.5,3.3,7.3,3.8,7.1,2.6,6.9,2.8,1.1,3.3,31006.9636289785,97.62879944,74.869,3.23636748209722
Bulgaria,2019,50.6,Stable,4.3,5.3,4.8,5.2,3.8,4.2,3.9,3.8,3.2,3.5,4.3,4.3,10353.7204584127,67.9469809417603,75.1121951219512,3.14495072906354
Bulgaria,2020,49.17165481543572,Sustainable,4.6,5.3,4.51611162568825,4.9,3.5,4.5,3.6,3.5,2.955543189747475,3.2,4.0,4.6,10760.211975413,70.16248359,73.3560975609756,1.58561827051115
Bulgaria,2021,51.6,Stable,4.3,5.3,4.2,5.2,3.8,5.0,3.7,4.0,2.9,5.2,3.7,4.3,12966.1457543396,75.27144583,71.2121951219512,1.5107237100085
Burkina Faso,2019,83.9,Warning,8.2,7.8,3.9,6.9,7.6,7.2,6.5,8.1,5.6,8.5,6.0,7.5,764.853077774946,9.27180600953186,60.184,2.2125520849195
Burkina Faso,2020,85.92852306050814,Warning,8.7,7.8,4.4,6.728523060508139,7.3,7.1000000000000005,6.2,8.4,5.699999999999999,8.6,7.0,8.0,825.237038782475,12.97319984,60.454,2.1142418147419
Burkina Faso,2021,87.1,Warning,9.0,7.8,4.5,7.0,7.8,7.0,5.9,8.7,5.5,8.6,7.2,8.1,895.535288442991,18.1522007,60.046,2.33362863136249
Burundi,2019,98.2,Alert,8.6,7.9,7.9,8.4,7.2,6.0,9.0,8.2,9.0,9.1,8.4,8.4,234.31061590725,6.072199821,62.18,2.8078168112503
Burundi,2020,97.87602964557674,Alert,8.299999999999999,7.9,7.6,8.5,7.349977492641947,5.9,9.126052152934784,7.899999999999999,9.1,9.2,8.5,8.5,255.8324539389,6.430099964,62.569,2.18591328366483
Burundi,2021,97.1,Alert,8.0,8.2,7.3,8.8,7.2,5.6,9.3,7.9,9.2,9.2,8.2,8.2,264.980379269655,6.777999878,62.101,2.04300976329884
Cambodia,2019,82.5,Warning,6.4,8.6,6.3,5.3,6.2,7.2,8.7,7.6,7.6,6.2,5.1,7.4,2225.87705485686,52.305878224498,70.127,1.62193704891153
Cambodia,2020,80.30838110384798,Warning,6.7,8.6,6.0,5.0,5.9,6.9,8.399999999999999,7.708381103848001,7.3,5.9,4.8,7.1000000000000005,2081.73914242939,56.37590027,70.059,1.78010501633067
Cambodia,2021,80.60000000000001,Warning,6.4,8.3,6.1,5.2,6.2,6.6,8.7,8.2,7.7,5.9,4.5,6.8,2167.40324198499,60.76269913,69.301,1.70160776824328
Cameroon,2019,97.0,Alert,8.5,9.6,8.5,6.5,7.5,7.5,9.2,8.2,7.7,8.3,8.3,7.2,1555.22660476477,36.53919983,61.695,1.06457837839838
Cameroon,2020,97.85508160571896,Alert,8.2,9.3,8.6,6.8,7.663807080562123,7.6,8.899999999999999,8.299999999999999,7.8,8.79127452515685,8.6,7.3,1555.60370660749,37.69749832,61.674,0.96440732254506
Cameroon,2021,97.2,Alert,8.3,9.3,8.7,7.0,7.6,7.1,9.0,8.6,7.5,8.8,8.3,7.0,1672.32657340872,38.89260101,61.146,0.985208787517684
Canada,2019,20.0,Very Sustainable,2.8,2.5,2.8,1.5,2.1,1.7,0.7,1.0,1.4,1.3,1.6,0.7,46352.8693445211,91.91290283,82.1585365853659,1.28451224366918
Canada,2020,18.668898507980952,Very Sustainable,3.1,2.5,2.5,1.2450881310448745,1.8,1.4,0.5,0.8382358905311796,1.3855744864048962,1.0,1.9,0.5,43537.839298904,92.3,81.53,1.39399340787119
Canada,2021,21.7,Very Sustainable,2.8,2.5,2.2,2.0,2.3,1.1,0.5,2.3,1.3,2.0,2.2,0.5,52886.6616372703,93.93710327,81.4514634146342,1.25420081409628
Cape Verde,2019,66.6,Stable,5.0,5.5,3.5,5.8,6.3,7.5,4.7,5.4,3.4,6.6,4.2,8.7,4380.78117331128,61.9433977593088,75.449,0.431864983823163
Cape Verde,2020,64.7781708998417,Stable,5.081616016601003,5.5,3.2,5.715177945683388,6.0,7.8,4.4,5.1000000000000005,3.1,6.3,3.9,8.681376937557301,3539.22661248299,69.37339783,73.818,0.618818770532046
Cape Verde,2021,64.2,Stable,4.8,5.5,2.9,6.5,5.5,7.7,4.1,5.6,2.8,6.8,3.6,8.4,3971.44409203423,70.28250122,74.424,0.546659834120196
Central African Republic,2019,108.9,Very High Alert,8.6,9.4,8.3,8.7,9.9,7.1,9.1,10.0,9.5,9.1,10.0,9.2,449.228467602439,7.509200096,31.53,1.78989988276583
Central African Republic,2020,107.48660467238278,Very High Alert,8.299999999999999,9.682,8.0,8.399999999999999,9.934480932168617,6.8,8.879978927548278,9.990144812665898,9.2,8.799999999999999,10.0,9.5,462.879071294011,7.509200096,50.596,1.8589727247233
Central African Republic,2021,107.0,Very High Alert,8.0,9.7,8.1,8.5,9.6,6.6,9.0,10.0,9.3,8.9,9.7,9.6,492.263142830507,7.509200096,40.279,2.14924843936704
Chad,2019,108.5,Very High Alert,9.5,9.8,8.2,9.0,9.0,8.5,9.6,9.1,8.8,9.5,9.5,8.0,893.336441643325,7.618199825,52.993,1.57360148213511
Chad,2020,106.43382055499453,Very High Alert,9.2,9.5,8.299999999999999,8.5,8.871489844683962,8.4,9.3,9.36233071031056,8.5,9.6,9.2,7.7,866.947814890409,8.343099594,53.082,2.21192688117357
Chad,2021,105.8,Very High Alert,8.9,9.5,8.0,8.6,8.7,7.9,9.4,9.8,8.2,9.6,9.3,7.9,946.358500208374,9.653699875,53.136,2.07913556881174
Chile,2019,38.9,Sustainable,3.8,2.2,3.0,3.7,5.1,3.8,2.7,3.4,3.2,4.7,1.8,1.5,14495.716721687,85.01760101,80.324,1.86471710953666
Chile,2020,42.51352691171396,Sustainable,4.1,2.2,3.1,3.559127813091611,5.4,3.54831371628817,5.7,3.5,3.9,4.4,1.9,1.2060853823341753,13114.815470545,87.45929718,79.349,2.06553058219768
Chile,2021,44.1,Sustainable,3.8,2.2,3.2,4.2,5.1,3.4,5.2,4.5,3.6,5.9,1.9,1.1,16206.8325493421,90.23280334,78.876,1.6474241515743
China,2019,71.1,Warning,5.6,7.2,7.3,4.2,6.7,4.6,8.7,5.1,8.8,5.9,4.3,2.7,10342.9009524335,64.080881297515,77.94,1.68291101151296
China,2020,69.85878789983346,Stable,5.799054614193441,7.2,7.399999999999999,3.9,6.4,4.3,8.759733285640008,4.8,9.3,5.6000000000000005,4.0,2.4000000000000004,10627.4637989619,70.05275998,78.019,1.75669947098837
China,2021,68.89999999999999,Stable,5.5,7.2,7.1,3.7,5.9,3.8,8.5,5.3,9.6,5.9,3.7,2.7,12887.4357242941,73.05323517,78.117,1.60525971842503
Colombia,2019,75.7,Warning,6.9,7.6,7.1,4.8,6.8,5.6,5.7,5.3,6.7,6.0,7.8,5.4,6472.54544924705,65.0069007159493,76.793,3.14565669372153
Colombia,2020,76.61419215568088,Warning,7.231934368167046,7.6,7.153130169276803,4.827573269439744,6.5,5.3,5.8,5.6,6.501554348797288,6.5,7.899999999999999,5.7,5339.68711357943,69.79533474,74.757,3.53440413219336
Colombia,2021,79.3,Warning,6.9,7.6,7.5,6.0,6.4,5.0,5.5,6.6,6.8,8.0,7.6,5.4,6222.62164397614,73.02837449,72.698,3.1957582534691
Comoros,2019,81.7,Warning,6.5,8.0,4.8,7.6,7.0,6.8,7.1,7.6,5.9,7.6,5.3,7.4,1510.23218151592,16.38380051,65.662,1.56628172321816
Comoros,2020,81.24901232562686,Warning,6.5,8.0,4.5,7.3,7.008748076415193,6.5,7.399999999999999,7.457856927627997,5.7824073215836815,7.899999999999999,5.8,7.1000000000000005,1519.34665556206,22.42040062,65.756,1.56628172321816
Comoros,2021,82.49999999999999,Warning,6.2,8.0,4.2,7.6,7.3,6.8,7.7,8.1,5.8,8.0,6.0,6.8,1554.97289190153,30.68120003,65.201,1.56628172321816
Congo Democratic Republic,2019,110.2,Very High Alert,8.8,9.8,10.0,8.3,8.6,7.0,9.4,9.2,9.6,9.8,10.0,9.7,504.00419142286,13.02970028,60.242,0.694017431863738
Congo Democratic Republic,2020,109.39462095485344,Very High Alert,8.5,9.8,9.7,8.0,8.619841998316438,6.9,9.660971453966384,9.464910678826095,9.548896823744546,9.8,10.0,9.4,486.425572682256,14.51049995,60.428,0.729735329108429
Congo Democratic Republic,2021,108.4,Very High Alert,8.6,9.5,9.4,8.5,8.5,6.8,9.2,9.8,9.2,9.8,10.0,9.1,595.743074403567,16.1595993,60.044,0.533178814847647
Congo Republic,2019,92.5,Alert,7.0,6.7,7.8,7.6,8.1,7.4,9.0,8.9,8.4,8.1,7.0,6.5,2488.42466724916,16.11639977,63.152,2.14627657925685
Congo Republic,2020,92.06819972980338,Alert,7.274583094147724,6.7,8.1,7.813483847210408,8.391421783959427,7.1000000000000005,9.082993078230825,8.6,8.1,8.005717926254988,6.7,6.2,1993.586671931,21.99850082,64.391,2.60118726630221
Congo Republic,2021,92.4,Alert,7.0,6.7,8.4,9.0,8.1,6.8,9.1,8.9,7.8,8.0,6.5,6.1,2516.16255145432,30.02739906,64.192,2.34034890602655
Costa Rica,2019,42.0,Sustainable,3.7,3.8,3.6,4.6,4.7,4.1,1.8,3.4,1.5,2.7,3.7,4.4,12884.6859951989,81.2025964435269,80.296,1.56628172321816
Costa Rica,2020,40.184017849675776,Sustainable,3.832739194810456,3.8,3.3000000000000003,4.626506051591356,4.4,3.8,1.5,3.226130561930675,1.2032561247959783,2.511413985203046,3.4,4.583971931344263,12394.0493969492,80.53018608,79.725,1.56628172321816
Costa Rica,2021,42.49999999999999,Sustainable,3.5,3.8,3.0,5.2,4.7,3.5,1.3,4.7,1.1,3.5,3.9,4.3,12838.1185358931,82.74901607,78.05,1.56628172321816
Cote d'Ivoire,2019,92.1,Alert,7.4,9.1,7.5,6.7,7.6,7.0,7.3,8.2,7.3,8.3,7.2,8.4,2141.76836170115,36.2889545655205,60.274,0.887657865631757
Cote d'Ivoire,2020,89.72267369142226,Warning,7.1000000000000005,9.1,7.6,6.4,7.5,6.7,7.0,8.07352221875831,7.0,8.24915147266397,6.9,8.1,2179.72934832935,36.01660156,60.14,0.963119470642636
Cote d'Ivoire,2021,90.7,Alert,7.2,9.6,7.3,6.6,7.7,6.4,7.7,8.4,7.1,8.3,6.6,7.8,2455.98127641148,35.95069885,60.29,0.876213826792915
Croatia,2019,47.5,Sustainable,3.0,4.4,5.2,5.3,2.7,4.9,2.3,2.6,3.2,2.9,6.4,4.6,15563.5987295029,79.0797836757554,78.2243902439024,1.6036107424916
Croatia,2020,46.0945211833464,Sustainable,2.930126047333377,4.4,4.9,5.0,2.4000000000000004,5.2,2.245160105788216,2.635809129120074,2.9000000000000004,2.6,6.1000000000000005,4.78342590110473,14807.5608543265,78.32090004,77.5243902439024,1.69659501985338
Croatia,2021,49.8,Sustainable,2.6,4.4,4.9,5.7,2.8,5.7,2.3,3.1,2.6,4.6,6.6,4.5,17788.7865816658,81.25396608,76.4243902439025,1.97150113166485
Cuba,2019,60.8,Stable,4.6,7.0,3.4,4.2,4.8,5.2,7.5,3.9,6.7,5.3,3.4,4.8,9232.26115935183,67.9708086565152,77.413,1.56628172321816
Cuba,2020,59.227756982641615,Stable,4.3,7.0,3.1,4.3,4.5,5.233029847501799,7.2,3.794727135139823,6.4,5.0,3.1,5.3,9605.27914559614,71.11907507,77.407,1.56628172321816
Cuba,2021,59.5,Stable,4.0,7.0,2.8,4.8,4.2,5.5,7.4,4.3,6.5,5.0,3.0,5.0,9605.27914559614,67.64354869,73.201,1.56628172321816
Cyprus,2019,57.8,Stable,4.1,7.9,5.7,5.4,5.3,3.5,4.2,2.1,2.8,3.2,5.3,8.4,29227.173828125,86.0636299618935,81.454,1.76959353705638
Cyprus,2020,56.05796495249495,Stable,3.8,7.9,5.4,5.1000000000000005,5.0,3.8,3.9,2.3058409219701064,2.852124030524842,2.9000000000000004,5.0,8.1,28130.341796875,90.80194644,81.23,1.89553437845021
Cyprus,2021,57.39999999999999,Stable,3.5,7.9,5.1,5.6,4.9,3.5,4.0,3.3,2.7,3.4,5.3,8.2,32937.83984375,90.75951564,80.573,1.78406744246115
Czech Republic,2019,37.6,Sustainable,3.2,5.3,4.8,4.0,2.1,3.0,4.7,2.0,2.2,1.0,3.2,2.1,24062.7190013343,80.8669444139622,79.2292682926829,1.13323967641325
Czech Republic,2020,35.74161611006048,Sustainable,2.9000000000000004,5.3,4.9,3.7,1.8,3.26694540142059,4.4,1.74262486368676,2.090138975819589,0.9419068691335468,2.9000000000000004,1.8,23472.8915454417,81.33889705,78.2268292682927,1.295406324775
Czech Republic,2021,39.3,Sustainable,2.6,5.3,4.6,4.2,2.0,3.5,4.1,2.7,2.0,3.0,3.2,2.1,27696.4619527544,82.67062427,77.2219512195122,1.35325325729994
Denmark,2019,19.5,Very Sustainable,1.3,1.4,4.3,1.6,1.2,1.9,0.9,0.9,1.7,1.6,2.0,0.7,59404.2663247723,98.0464347521549,81.4512195121951,1.29920660644454
Denmark,2020,17.213586679528063,Very Sustainable,1.6,1.4,4.0,1.3,0.8999999999999999,1.6,0.6000000000000001,0.9135866795280652,1.4,1.3,1.7,0.5,60985.4885601514,96.54914573,81.6024390243903,1.37376885314973
Denmark,2021,18.8,Very Sustainable,1.7,1.4,3.7,1.7,1.2,1.3,0.5,1.4,0.9,2.3,2.2,0.5,69340.7334922138,98.8658506,81.4048780487805,1.29155763565745
Djibouti,2019,85.1,Warning,5.9,7.3,5.9,7.0,7.7,5.2,8.1,7.6,7.7,7.8,6.7,8.2,2837.16902340932,58.4762001,64.381,1.56628172321816
Djibouti,2020,82.72548312161723,Warning,5.6000000000000005,7.3,5.6000000000000005,6.703470297911661,7.4,4.9,8.122012823705573,7.3,7.4,7.5,7.0,7.899999999999999,2844.88810647853,59.92570114,64.2,1.56628172321816
Djibouti,2021,82.39999999999999,Warning,5.3,7.3,5.3,6.8,7.3,4.6,8.4,7.4,7.2,7.5,7.1,8.2,3025.91126413549,61.41120148,63.83,1.56628172321816
Dominican Republic,2019,66.2,Stable,6.4,6.2,5.2,4.9,5.3,6.6,6.0,6.3,5.3,6.5,2.7,4.8,8183.01623600375,79.71549988,73.112,0.689583054746984
Dominican Republic,2020,64.35620204936144,Stable,6.421593779545415,6.2,4.9,4.6000000000000005,5.006442402871775,6.528165866944247,6.3,6.0,5.0,6.2,2.7,4.5,7135.22273255899,81.61730194,72.636,0.746231922011371
Dominican Republic,2021,64.7,Stable,6.1,6.2,4.6,5.1,4.9,6.6,6.0,7.0,4.7,6.7,2.6,4.2,8527.0754858205,85.24298638,71.757,0.647239948925026
Ecuador,2019,71.2,Warning,6.2,8.2,6.7,5.7,6.4,5.2,5.7,5.9,4.2,5.7,5.5,5.7,6205.05765246766,59.2,77.286,2.18038189769994
Ecuador,2020,69.40303455188986,Stable,6.203034551889856,8.2,6.4,5.4,6.1000000000000005,4.9,6.0,5.6000000000000005,3.9,5.4,5.9,5.4,5463.64515348598,70.7,72.004,2.45792351121034
Ecuador,2021,71.2,Warning,5.9,8.2,6.1,6.3,6.0,4.6,5.7,6.6,4.2,6.9,5.6,5.1,6061.32350181711,69.1147995,72.746,2.24210709535338
Egypt,2019,88.4,Warning,8.2,9.1,8.9,7.9,5.7,5.3,8.6,4.3,10.0,6.3,6.7,7.3,2962.98892023003,57.2828663990195,71.213,1.18097179684711
Egypt,2020,86.00613825029183,Warning,7.899999999999999,9.1,8.6,7.6,5.4,5.281330356633816,8.6,4.230977023349143,9.7,6.193830870308871,6.4,7.0,3511.11381026379,71.91420096,69.79,1.12247550332399
Egypt,2021,85.0,Warning,7.6,9.1,8.3,7.3,5.1,5.2,8.6,4.7,9.8,6.5,6.1,6.7,3827.35415374308,72.05599976,68.976,1.12200927143154
El Salvador,2019,69.8,Stable,6.9,4.3,6.1,5.4,5.8,8.5,4.2,5.8,5.7,7.0,4.8,5.3,4320.11671534627,50.4911940673888,71.725,1.18000962074512
El Salvador,2020,68.89464371164277,Stable,7.118394095546451,4.3,5.8,5.1343279791691385,5.5,8.469942704366812,4.071053885814091,5.700925046746296,5.4,6.7,5.3,5.4,3997.19279583709,54.60136976,70.244,1.37995002386364
El Salvador,2021,71.6,Warning,6.6,4.8,5.5,6.1,5.4,8.4,4.4,6.8,5.5,7.0,5.5,5.6,4642.60743101342,57.26380157,69.941,1.21053697201576
Equatorial Guinea,2019,82.6,Warning,5.9,8.2,6.3,5.9,8.1,4.9,9.8,8.1,8.6,7.9,4.5,4.4,6804.14923073888,49.13370132,62.297,1.30805287179895
Equatorial Guinea,2020,83.01620385538543,Warning,6.2,8.2,6.6,5.731406804954252,8.049823071355833,4.6000000000000005,9.83497397907534,8.4,8.299999999999999,8.200000000000001,4.8,4.1000000000000005,5764.05502912947,55.00130081,62.141,1.64082995887433
Equatorial Guinea,2021,84.10000000000001,Warning,5.9,8.2,6.9,6.3,7.9,4.3,9.8,8.7,8.4,8.5,5.0,4.2,6945.63069794539,58.71730042,62.447,1.34533764165546
Eritrea,2019,96.4,Alert,6.6,8.1,7.7,7.7,8.4,8.9,9.4,7.8,8.7,8.4,7.7,7.0,6673.97429035651,11.22379971,67.306,1.56628172321816
Eritrea,2020,95.8442307280238,Alert,6.4854309467181,8.1,8.0,7.4,8.59638307400783,8.8,9.440290516798996,7.5,8.656223295878629,8.165902894620263,7.7,7.0,6673.97429035651,14.34939957,66.98,1.56628172321816
Eritrea,2021,97.0,Alert,6.2,8.4,8.3,7.7,8.3,8.6,9.6,8.3,8.9,8.2,7.4,7.1,6673.97429035651,14.34939957,66.94,1.56628172321816
Estonia,2019,40.8,Sustainable,2.7,5.9,7.6,3.1,2.6,4.3,2.1,2.3,1.7,2.2,2.5,3.7,24021.2501413306,90.2289281997919,78.6463414634147,1.99845018670744
Estonia,2020,38.52345451018706,Sustainable,2.5519643791326163,5.9,7.671490131054446,2.8000000000000003,2.3000000000000003,4.6,1.8,2.0,1.4,1.9,2.2,3.4000000000000004,23933.9939421065,89.05828666,78.5951219512195,2.26136428332919
Estonia,2021,39.50000000000001,Sustainable,2.3,5.9,7.4,3.2,2.6,4.3,1.5,2.5,1.3,2.9,1.9,3.7,27951.1659277744,90.97970174,76.9439024390244,2.01231933389152
Eswatini,2019,85.3,Warning,5.7,6.8,2.8,9.8,8.2,7.0,8.5,7.5,8.8,8.6,4.3,7.3,3913.14577547336,43.93389893,59.85,1.89047734248605
Eswatini,2020,83.0,Warning,5.4,6.8,2.5,9.5,7.899999999999999,6.7,8.609707709097925,7.2,8.5,8.6,4.3,7.0,3466.56936278145,49.01300049,59.862,1.85505471294042
Eswatini,2021,82.5,Warning,5.1,6.8,2.2,9.8,8.0,6.4,8.6,7.7,8.2,8.9,4.1,6.7,3984.00229174306,53.99530029,58.228,1.67850436407438
Ethiopia,2019,94.2,Alert,8.2,7.9,8.5,6.4,6.5,6.6,8.0,8.3,8.2,9.0,8.7,7.9,793.473247210264,15.98460007,65.741,0.579949536835092
Ethiopia,2020,94.59577634557802,Alert,7.899999999999999,8.9,9.0,6.1000000000000005,6.2,6.3,8.5,8.295776345578005,7.899999999999999,9.1,8.799999999999999,7.6,829.790982547947,16.06959915,65.969,0.780754838260967
Ethiopia,2021,99.0,Alert,8.4,9.2,9.5,5.9,6.7,6.6,8.8,8.9,8.4,9.4,9.1,8.1,893.00983544905,16.6981031,65.33,1.60917093329444
Fiji,2019,71.7,Warning,6.8,7.9,6.3,5.9,5.7,8.2,6.3,4.4,6.3,4.1,2.7,7.1,5842.07344577597,63.21789932,67.009,1.44512747814401
Fiji,2020,69.85212211648623,Stable,6.8,7.9,6.0,5.6000000000000005,5.4,7.899999999999999,6.0,4.1000000000000005,6.0,4.076567812123965,2.9,7.175554304362271,4620.6457238014,68.62560272,66.924,1.60530458182017
Fiji,2021,70.4,Warning,6.5,7.9,5.7,7.7,5.1,7.6,5.7,4.4,5.7,4.1,2.8,7.2,4536.73312110335,70.56800079,64.904,1.59594278733602
Finland,2019,16.9,Very Sustainable,2.5,1.4,1.2,2.9,0.7,2.0,0.9,0.7,0.7,1.0,1.9,1.0,48358.1807773701,89.6073851129779,81.9829268292683,1.36132283517387
Finland,2020,14.626666190916623,Very Sustainable,2.8,1.4,0.8999999999999999,2.6,0.5,1.7,0.6000000000000001,0.6266661909166267,0.5,0.7,1.6,0.7,48828.6846862799,92.17027106,81.9317073170732,1.43578115547809
Finland,2021,16.2,Very Sustainable,2.5,1.4,0.6,2.9,1.0,1.5,0.5,1.6,0.5,1.7,1.5,0.5,53099.1351400148,92.80806082,81.8853658536585,1.30243925969996
France,2019,32.0,Sustainable,3.5,1.9,7.0,3.7,3.4,2.3,1.5,1.2,1.6,2.2,2.2,1.5,40408.2848574751,83.3397440866883,82.8268292682927,1.85288520696513
France,2020,30.48111107032384,Sustainable,3.8,1.9,6.7,3.4000000000000004,3.1,2.165041634039119,1.2,1.2954740630758264,1.3205953732088913,1.9,2.5,1.2,39169.8606000707,84.70639801,82.1756097560976,2.02167455284232
France,2021,32.5,Sustainable,3.5,1.9,6.4,4.2,3.0,2.1,0.9,1.8,1.2,3.9,2.7,0.9,43725.0999521245,86.09548575,82.3243902439024,1.98022225807935
Gabon,2019,70.5,Warning,4.8,7.9,3.2,5.8,5.9,5.8,7.8,6.3,7.4,6.5,3.9,5.1,7441.1786472281,59.51760101,67.337,1.58168890147569
Gabon,2020,69.08700133545015,Stable,5.1,8.295,2.9000000000000004,5.6928688975419295,5.6000000000000005,5.5,7.82653791037077,6.0,7.218923585857606,6.553670941679855,3.6,4.8,6605.80346077565,63.91790009,67.073,1.71695248466736
Gabon,2021,67.4,Stable,4.8,8.0,2.6,5.9,5.7,5.2,7.5,6.5,6.7,6.7,3.3,4.5,8181.40914134656,65.76809692,67.072,1.60218113320742
Gambia,2019,83.9,Warning,6.3,7.7,3.2,8.4,6.3,7.9,7.8,7.3,8.4,8.2,6.0,6.4,738.186751987483,31.11829948,64.427,0.797324578818787
Gambia,2020,82.21463956781182,Warning,6.0,7.7,2.9000000000000004,8.1,6.0,7.6,7.5,7.215577531075619,8.1,8.401335360906664,6.3,6.397726675829536,720.335143352133,36.01100159,64.418,0.816569761733964
Gambia,2021,80.5,Warning,5.7,7.7,2.6,8.2,5.9,7.3,7.2,7.6,7.8,8.4,6.0,6.1,781.890925169531,41.67309952,63.847,0.775165384461361
Georgia,2019,72.0,Warning,6.2,9.1,7.3,5.6,4.9,4.9,8.1,3.7,5.0,3.1,6.9,7.2,4741.2832715876,68.8467135616978,74.165,1.75963279056275
Georgia,2020,71.15229518395927,Warning,5.9,9.1,7.6,5.3,4.6000000000000005,5.2,8.5,3.4000000000000004,5.1,2.952295183959258,6.6000000000000005,6.9,4300.85701291207,72.53157487,73.509,1.78655575876457
Georgia,2021,72.6,Warning,5.6,9.1,7.3,5.7,4.4,5.5,8.2,4.4,4.8,4.5,6.3,6.8,5083.60695484577,76.4427093,71.635,1.59240624613036
Germany,2019,24.7,Very Sustainable,2.3,2.6,4.6,1.6,2.4,2.1,0.7,0.9,0.8,1.4,4.6,0.7,47656.199739747,88.1345169091916,81.2926829268293,1.24014846331417
Germany,2020,23.188488518886743,Very Sustainable,2.6,2.6,4.3,1.3,2.1,2.0743922244910284,0.5,0.9689400841604348,0.845156210235277,1.1,4.3,0.5,47394.8734504469,89.81294133,81.0414634146342,1.35598993512329
Germany,2021,24.8,Very Sustainable,2.3,2.3,4.0,1.8,2.5,2.0,0.5,2.0,0.8,2.1,4.0,0.5,52349.2459994422,91.43060973,80.790243902439,1.29982374349238
Ghana,2019,65.9,Stable,4.6,4.9,3.8,5.7,6.0,7.8,3.6,7.2,5.0,6.6,4.4,6.3,2186.65822682613,22.0732,64.455,0.343818178617089
Ghana,2020,64.15816913182405,Stable,4.9,4.9,3.5,5.4,5.970653455759196,7.5,3.3000000000000003,6.9,4.7,6.787515676064867,4.3,6.0,2195.45481659987,62.51760101,64.309,0.350949233772808
Ghana,2021,63.900000000000006,Stable,4.6,5.4,3.2,5.5,6.4,7.2,3.2,7.4,4.4,6.9,4.0,5.7,2445.18662529344,68.6,64.286,0.382741906430833
Greece,2019,53.9,Stable,4.3,4.1,4.8,5.7,2.9,3.3,6.1,3.8,3.3,3.9,5.7,6.1,19335.3602002969,75.6712066931757,81.6390243902439,2.59648367110305
Greece,2020,52.14869722028766,Stable,4.248697220287658,4.1,4.5,5.2,2.6,3.6,5.8,3.5,3.0,3.4,5.8,6.4,17886.733165236,78.11584474,81.2878048780488,3.02310765728834
Greece,2021,54.49999999999999,Stable,3.9,4.1,4.2,6.0,2.9,3.9,5.5,4.0,3.3,3.9,5.9,6.9,20654.7001960815,78.49426371,80.0829268292683,3.80247367841764
Grenada,2019,57.6,Stable,5.2,5.6,3.6,5.6,4.6,7.9,4.9,3.6,2.7,4.2,2.6,7.1,10462.7929159533,64.31279755,74.971,1.56628172321816
Grenada,2020,55.24684546356435,Stable,5.0909139713931175,5.6,3.6,5.3,4.6,7.755931492171244,4.6000000000000005,3.3000000000000003,2.4000000000000004,3.9,2.3,6.8,8968.55890108484,65.65380096,75.019,1.56628172321816
Grenada,2021,56.1,Stable,4.8,5.6,3.6,6.3,4.9,7.5,4.3,4.4,2.1,3.9,2.2,6.5,9617.28902905373,67.02279663,74.522,1.56628172321816
Guatemala,2019,81.4,Warning,7.1,7.1,9.1,5.1,7.5,7.3,6.7,6.9,7.3,7.2,5.4,4.6,4511.99839552697,44.401049838502,71.639,0.430070763358893
Guatemala,2020,79.17634843834767,Warning,7.085676341248592,7.1,9.4,4.8,7.2,7.2,6.4,6.690672097099105,7.0,6.9,5.1000000000000005,4.3,4477.61785000665,47.51229858,69.971,0.440993296513657
Guatemala,2021,79.4,Warning,6.8,7.1,9.4,5.0,7.1,7.1,6.5,7.2,7.2,7.2,4.8,4.0,4912.62240414681,50.84164945,67.858,0.390634304160435
Guinea,2019,99.4,Alert,8.6,9.6,9.1,8.6,7.3,7.1,9.8,9.2,7.1,8.6,7.6,6.8,1031.34146480732,23.89049911,59.379,1.47320213579399
Guinea,2020,97.16761117146424,Alert,8.299999999999999,9.6,9.17661260795946,8.299999999999999,7.0,6.8,9.9,9.190998563504802,6.8,8.299999999999999,7.3,6.5,1053.66097696415,26.14550018,59.35,1.46963829052972
Guinea,2021,97.4,Alert,8.0,9.9,9.3,8.2,7.3,6.5,10.0,9.5,6.9,8.6,7.0,6.2,1244.96550477914,28.61330032,59.373,1.54641182201592
Guinea Bissau,2019,95.5,Alert,8.3,9.6,4.9,7.7,9.2,7.5,8.9,8.9,7.2,8.5,6.7,8.0,811.216425885129,17.92149925,62.161,1.49375034588535
Guinea Bissau,2020,92.90207550854626,Alert,8.0,9.6,4.6000000000000005,7.4,9.444563996884632,7.2,8.6,8.6,6.9,8.425046503230945,6.4324650084306905,7.7,846.915855715971,20.45730019,61.343,1.51874963824343
Guinea Bissau,2021,92.0,Alert,7.7,9.6,4.3,7.6,9.3,6.9,8.9,9.0,6.6,8.6,6.1,7.4,926.780921081233,23.3519001,61.653,1.46036445301284
Guyana,2019,68.2,Stable,6.7,5.1,6.7,5.8,5.1,8.8,4.8,5.6,3.4,5.6,3.5,7.1,6405.82443444562,55.31269836,69.067,1.29961278504611
Guyana,2020,65.95105985340093,Stable,6.798281028476842,5.1,6.4,5.5,4.8,8.5,4.5,5.422140575331912,3.2306382495921824,5.3,3.6,6.8,6775.70939096303,62.95399857,67.751,1.40257741131547
Guyana,2021,66.1,Stable,7.1,5.1,6.5,4.5,4.7,8.2,4.6,6.4,3.3,5.8,3.4,6.5,9860.87014834386,71.65090179,64.323,0.954930861063661
Haiti,2019,99.3,Alert,7.2,9.3,5.9,8.4,9.2,8.4,8.8,9.2,7.2,8.7,7.4,9.6,1352.17204191532,35.76409912,64.328,0.0859315095445588
Haiti,2020,97.67900000000002,Alert,6.9,9.579,5.6000000000000005,8.5,9.1,8.1,9.1,9.3,6.9,8.2,7.1000000000000005,9.3,1290.32538667383,39.38809967,63.773,0.103094179098955
Haiti,2021,97.5,Alert,6.6,9.6,5.3,8.9,9.2,8.1,8.8,9.6,7.1,8.2,7.1,9.0,1841.33189337222,43.37919998,62.613,0.153942307239608
Honduras,2019,77.8,Warning,7.0,7.3,5.3,6.1,7.1,6.4,6.9,6.4,6.9,5.9,5.1,7.5,2502.32744328073,39.3883521850111,72.124,1.57817708956802
Honduras,2020,76.78897699605234,Warning,7.165666999604573,7.0,5.0,5.8,6.8,6.423215358535094,7.0,6.518146537907986,6.881948100004684,5.6000000000000005,5.4,7.2,2307.61494319511,45.24829865,70.864,1.4667972724004
Honduras,2021,79.4,Warning,7.0,7.0,5.0,6.4,6.9,6.7,7.1,7.6,7.2,6.1,5.5,6.9,2735.14751503977,51.95159912,69.492,1.49821773541885
Hungary,2019,49.6,Sustainable,2.7,5.3,4.2,4.8,3.2,3.6,6.4,2.6,5.3,1.4,5.9,4.2,17012.8598553199,80.3716936050482,76.3195121951219,1.32782522734016
Hungary,2020,47.62085657690617,Sustainable,2.573814018976928,5.3,3.9,4.5,2.9000000000000004,3.883504694173115,6.1000000000000005,2.444640484057868,5.0,1.2515993931622165,5.6000000000000005,4.167297986536044,16386.9308821258,84.77115202,75.419512195122,1.74628152413286
Hungary,2021,51.09999999999999,Stable,2.4,5.3,3.6,5.0,2.9,4.0,6.4,3.4,5.3,3.3,5.6,3.9,19030.628130329,88.64083466,74.0658536585366,1.31520993597457
Iceland,2019,19.8,Very Sustainable,0.7,1.8,1.0,3.1,0.9,2.5,1.0,1.0,1.0,1.3,1.7,3.8,69296.3144361601,99.5049411693787,83.1634146341463,1.56628172321816
Iceland,2020,17.799999999999997,Very Sustainable,1.0,1.8,0.7,2.8000000000000003,1.0,2.2,0.7,0.7,0.7,1.0,1.7,3.5,60127.9393575616,99.5327519,83.0634146341463,1.56628172321816
Iceland,2021,18.0,Very Sustainable,0.7,1.8,0.5,3.4,1.3,1.9,0.5,1.2,0.5,1.5,1.5,3.2,70425.4064277273,99.68701957,83.1658536585366,1.56628172321816
India,2019,74.4,Warning,7.2,7.3,8.0,5.3,6.4,6.1,4.1,6.8,5.6,7.7,4.7,5.1,2041.42863698585,29.52350044,70.746,2.5459982314359
India,2020,75.30743258442217,Warning,6.907432584422176,7.3,8.5,5.6,6.1000000000000005,5.8,4.0,6.5,7.6,7.8,4.4,4.8,1907.04251637669,43.40544313,70.156,2.80361581112679
India,2021,76.99999999999999,Warning,6.6,7.3,8.2,7.0,6.2,5.5,4.3,7.5,7.7,8.1,4.1,4.5,2239.61384367482,49.2580986,67.282,2.46874153034185
Indonesia,2019,70.4,Warning,5.9,7.1,7.3,4.5,5.2,6.9,4.5,5.3,7.0,7.3,4.8,4.6,4106.94856160358,47.6906489788375,70.349,0.728563743551525
Indonesia,2020,67.84550475118697,Stable,6.074811132157132,7.1,7.399999999999999,4.2,4.9,6.6000000000000005,4.2,5.0706936190298215,6.7,6.8,4.5,4.3,3853.70288774146,53.72649449,68.817,0.886277728854897
Indonesia,2021,67.6,Stable,5.8,7.1,7.1,4.3,4.8,6.3,4.4,6.1,6.4,6.8,4.2,4.3,4287.17313995098,62.10447842,67.452,0.741525844917975
Iran,2019,83.0,Warning,6.9,9.6,9.5,6.9,5.3,5.9,9.0,3.9,8.9,4.5,5.9,6.7,3997.4935449585,72.4509047672065,76.855,2.14694745014838
Iran,2020,83.3866086520676,Warning,7.2,9.6,9.59742249523,7.2,5.0,5.6000000000000005,9.2,3.689186156837593,9.2,4.5,5.6000000000000005,7.0,3202.50003502169,75.56986637,74.141,2.17701027609522
Iran,2021,84.5,Warning,6.9,9.6,9.3,7.6,4.9,5.3,9.2,4.7,9.5,5.5,5.3,6.7,4605.14881318992,78.5957366,73.752,2.22394282528392
Iraq,2019,99.1,Alert,8.7,9.6,8.8,5.9,6.7,7.1,8.9,8.7,8.1,8.4,9.1,9.1,5671.8568632942,44.3263465511579,71.245,3.23719485045446
Iraq,2020,95.94116979347216,Alert,8.2,9.6,8.5,5.6000000000000005,6.4,6.8,9.119572619512931,8.399999999999999,7.821597173959248,8.1,8.6,8.799999999999999,4295.18945121228,53.67779922,69.651,3.11217889939661
Iraq,2021,96.2,Alert,7.9,9.6,8.2,6.9,6.1,6.5,8.8,8.9,8.1,8.4,8.3,8.5,4868.49431080783,65.00219727,70.704,2.26111174702371
Ireland,2019,20.6,Very Sustainable,2.7,1.5,1.0,2.8,1.6,2.8,0.7,1.4,1.8,1.7,1.4,1.2,81827.6688873996,87.0000552425146,82.7024390243903,0.273293508559262
Ireland,2020,19.93941688089731,Very Sustainable,3.0,1.5,0.7,2.5,1.3145550589233423,3.1,0.4501988618136809,1.4413539224343477,1.828437726528616,1.7254043861377308,1.1,1.2794669250595914,86514.0706108754,91.99989097,82.4560975609756,0.262684777602834
Ireland,2021,22.200000000000003,Very Sustainable,2.7,1.5,0.5,2.7,1.6,2.8,0.5,2.5,1.6,2.8,1.4,1.6,103783.446284479,93.50610352,82.2536585365854,0.238637692712824
Israel,2021,43.0,Sustainable,2.4,7.9,6.7,1.2,3.6,2.4,3.3,1.8,2.9,4.8,1.2,4.8,52270.9040241956,90.29689758,82.5,4.9349458892043
Israel and West Bank,2019,76.5,Warning,6.3,8.1,10.0,4.2,6.2,4.4,6.2,4.2,6.9,5.4,7.2,7.5,5792.618512308425,69.55385523526044,72.2655243902439,1.56628172321816
Israel and West Bank,2020,75.1239717239818,Warning,6.0,8.424,9.999971723981794,3.9,5.9,4.7,5.9,3.9,6.6000000000000005,5.1000000000000005,7.5,7.2,5792.618512308425,69.55385523526044,72.2655243902439,1.56628172321816
Italy,2019,43.8,Sustainable,5.1,4.9,4.9,5.2,2.3,2.0,3.4,3.0,1.4,3.5,5.3,2.8,33812.788724868,67.8507102874836,83.4975609756098,1.30611671363832
Italy,2020,42.35313024887805,Sustainable,5.4,4.9,4.6000000000000005,4.9,2.035889389171288,2.3,3.1,2.717240859706761,1.1,3.2,5.0,3.1,32091.4866621366,70.48342785,82.1951219512195,1.72984958969454
Italy,2021,45.2,Sustainable,5.1,4.9,4.3,5.7,2.3,2.4,2.8,3.7,0.9,5.2,4.5,3.4,36852.5425414951,74.8623274,82.6463414634146,1.66286387777873
Jamaica,2019,61.2,Stable,6.8,3.7,2.8,6.5,4.5,8.6,4.2,6.2,5.6,4.4,2.7,5.2,6030.68896415921,70.8410169743356,71.532,1.68152578167608
Jamaica,2020,60.02494703870308,Stable,6.8794289790388845,3.7,2.5,6.2,4.2,8.9,3.9,6.24699581612421,5.51342438462636,4.1000000000000005,2.9,4.985097858913624,5299.04530804283,76.38400269,71.452,1.70647069948671
Jamaica,2021,61.2,Stable,6.6,3.7,2.2,6.9,4.7,9.0,3.6,7.2,5.2,4.6,2.8,4.7,5625.67806271236,82.36071561,69.085,1.46676867767402
Japan,2019,34.3,Sustainable,1.6,2.6,3.1,3.5,1.4,3.3,0.9,1.6,3.2,6.2,3.8,3.2,40415.9567649547,92.7303978145525,84.3563414634146,0.992231472747577
Japan,2020,32.332289117028274,Sustainable,1.9,2.6,2.8000000000000003,3.300527607178117,1.4,3.0506762058487817,0.6009723264075552,1.3451040076078915,3.2350089699859352,5.7,3.5,2.9000000000000004,40028.7341726762,90.21945812,84.56,1.01676127140466
Japan,2021,32.2,Sustainable,1.8,2.6,2.5,3.7,1.9,2.9,0.5,1.8,3.0,5.7,3.2,2.6,40094.5599795288,82.91407928,84.4456097560976,1.06384050244526
Jordan,2019,75.9,Warning,5.3,6.9,8.6,6.8,5.2,4.5,6.0,3.6,7.4,5.9,8.8,6.9,4170.1144003465,70.08470154,76.865,4.56623750321627
Jordan,2020,75.42853052941282,Warning,5.506529945759103,6.9,8.9,6.5,4.9,4.8,6.062216891956368,3.816760174400579,7.1000000000000005,5.6000000000000005,8.5,6.843023517296773,4022.0401356135,78.4178009,75.583,4.70457117239125
Jordan,2021,76.8,Warning,5.2,6.9,8.6,6.9,4.8,5.1,6.3,5.0,6.8,6.1,8.6,6.5,4183.49998326866,85.999997,74.204,4.70182146525246
Kazakhstan,2019,61.6,Stable,4.6,7.6,8.1,5.6,3.6,3.6,8.5,3.4,6.7,3.9,2.4,3.6,9457.12614657136,81.8776204746284,73.658,1.02091636689134
Kazakhstan,2020,59.770101356315976,Stable,4.3,7.6,8.219123517238426,5.3,3.3000000000000003,3.9,8.450977839077554,3.1,6.4,3.6,2.3,3.3000000000000003,8781.50797787648,85.94259898,71.195,0.907188676192723
Kazakhstan,2021,61.20000000000001,Stable,4.0,7.6,8.0,5.5,3.2,4.2,8.2,4.6,6.7,4.1,2.1,3.0,9983.60103576902,90.9239507,70.131,0.819281683646492
Kenya,2019,93.5,Alert,7.9,9.1,8.6,6.6,7.4,7.2,8.2,8.0,6.8,8.6,7.7,7.5,1960.40808854893,22.6687733618171,62.939,1.1125711791299
Kenya,2020,90.31586992597772,Alert,7.6603465673296975,8.6,8.299999999999999,6.529169236421345,7.326354122226658,6.9,7.899999999999999,7.7,6.5,8.299999999999999,7.4,7.2,1927.66459027849,24.7227993,61.596,1.10843419595019
Kenya,2021,89.2,Warning,7.4,8.6,8.0,6.4,7.4,6.6,7.6,8.2,6.3,8.3,7.5,6.9,2061.35622089594,26.96290016,61.225,1.07720025210221
Kuwait,2019,53.2,Stable,3.6,7.5,4.1,2.4,3.9,3.6,7.3,2.0,7.3,4.4,2.9,4.2,31707.8737443551,99.5426764518489,81.969756097561,5.32311669292361
Kuwait,2020,50.899274182096256,Stable,3.3000000000000003,7.5,3.8,2.4,3.9,3.3000000000000003,7.2647389017960835,1.8178566503395213,7.0,4.1000000000000005,2.6166786299606595,3.9,25236.0755848941,99.10587017,78.7609756097561,6.47217283542021
Kuwait,2021,52.900000000000006,Stable,3.0,7.5,4.1,3.0,4.2,3.0,7.0,3.3,7.2,4.6,2.4,3.6,34018.6342592913,99.7,78.7365853658537,6.35158136559629
Kyrgyzstan,2019,76.2,Warning,6.5,8.0,8.1,6.4,5.3,7.0,7.1,4.5,6.9,5.3,4.7,6.4,1421.99927504102,64.1,71.6,2.71068623481534
Kyrgyzstan,2020,73.92936357080953,Warning,6.520563901521362,8.0,8.4,6.1000000000000005,5.0,6.7,6.8,4.308799669288177,6.6000000000000005,5.0,4.4,6.1000000000000005,1229.51766602907,72.0,71.8,3.10718371407588
Kyrgyzstan,2021,76.4,Warning,6.2,8.3,8.1,7.1,4.9,6.7,8.0,5.3,6.3,5.5,4.1,5.9,1349.99730650542,77.11769867,71.9,2.840273087853
Laos,2019,78.7,Warning,5.0,8.3,6.7,5.4,5.9,7.4,9.0,6.4,7.3,6.7,5.1,5.5,2589.32081035237,47.03229904,67.911,1.56628172321816
Laos,2020,76.86018745028443,Warning,4.7,8.3,6.912499602059071,5.1000000000000005,5.6000000000000005,7.1000000000000005,9.047687848225346,6.1000000000000005,7.0,6.4,5.4,5.2,2583.77730696131,54.0,68.339,1.56628172321816
Laos,2021,76.0,Warning,4.4,8.3,7.2,5.1,5.3,6.8,9.0,6.6,6.9,6.4,5.1,4.9,2526.05105018529,62.0,67.807,1.56628172321816
Latvia,2019,43.9,Sustainable,3.0,4.3,8.5,3.5,3.5,5.1,2.8,2.4,3.0,2.3,2.2,3.3,17294.9751600969,86.13545644343,75.3878048780488,2.09016802211357
Latvia,2020,42.31122746144478,Sustainable,2.851488984676797,4.3,8.625858592796266,3.2,3.2,5.4,2.5,2.433879883971718,2.7,2.0,2.1,3.0,17564.2321549354,88.89796078,75.1853658536585,2.22759521686375
Latvia,2021,44.0,Sustainable,2.6,4.3,8.3,3.7,3.5,5.5,2.2,3.9,2.4,3.0,1.9,2.7,20261.8887788916,91.17964988,72.9804878048781,2.15577987505149
Lebanon,2019,85.0,Warning,8.1,9.6,8.2,6.0,5.2,5.6,7.1,5.1,7.2,5.0,8.7,9.1,8905.88005497437,81.48120117,78.208,4.73938277788589
Lebanon,2020,84.72043333917239,Warning,7.8,9.6,8.22043333917241,7.0,4.9,5.9,7.4,4.8,6.9,4.7,8.7,8.799999999999999,5561.19166950397,82.0664978,76.299,3.02665836499332
Lebanon,2021,89.0,Warning,7.5,9.6,7.9,9.0,5.4,6.2,7.7,5.8,7.0,5.2,8.8,8.9,4045.37391066234,82.65599823,73.65,1.60905429967969
Lesotho,2019,79.7,Warning,6.5,7.3,3.3,8.5,8.1,8.0,5.3,7.5,5.2,8.3,4.4,7.2,1082.05706777516,42.301733569273,55.249,1.87540421655185
Lesotho,2020,78.29011539823739,Warning,6.680287113355039,7.3,3.0,8.440915810276156,8.282136433125421,7.827497444993677,5.0,7.2,5.059278596487088,8.0,4.6,6.9,918.582574704447,43.65750122,55.133,1.88146803172144
Lesotho,2021,77.9,Warning,6.4,7.3,2.7,8.8,8.2,7.5,4.7,7.5,5.1,8.4,4.3,7.0,1066.58645143823,45.05670166,54.209,1.53556597959744
Liberia,2019,90.2,Alert,6.7,8.3,5.2,7.9,7.8,7.5,6.6,8.7,6.5,8.2,8.1,8.7,658.164180770507,19.89579964,61.232,0.418863636363636
Liberia,2020,90.04390059160053,Alert,6.914197977500817,8.3,4.9,8.254325069340153,7.5,7.2,7.1,9.0,6.2,8.475377544759555,7.8,8.399999999999999,616.787867006715,22.91069984,61.267,0.424794204807376
Liberia,2021,89.49999999999999,Warning,6.6,8.6,4.6,8.5,7.2,6.9,6.8,9.5,6.7,8.5,7.5,8.1,667.96610514319,26.38229942,61.166,0.847050441721288
Libya,2019,92.2,Alert,9.0,9.7,7.5,7.7,5.3,6.0,9.7,6.4,9.1,4.3,7.7,9.7,9963.19489084483,71.40409851,72.941,1.56628172321816
Libya,2020,95.19371849236182,Alert,9.5,9.7,7.8,8.0,5.3,5.7,9.793718492361826,6.9,9.4,5.3,8.0,9.8,6650.33810585348,74.35810089,72.388,1.56628172321816
Libya,2021,97.0,Alert,9.6,9.4,7.5,9.6,5.6,5.4,9.9,7.4,9.1,5.9,7.7,9.9,4935.82787349801,77.438797,72.062,1.56628172321816
Lithuania,2019,38.1,Sustainable,2.8,3.0,3.8,3.9,4.2,4.6,2.1,2.9,2.7,2.2,1.9,4.0,19608.7943945553,81.5818683764046,76.2829268292683,1.98419011931355
Lithuania,2020,36.47089084336904,Sustainable,3.1,3.0,3.5975439132259592,3.6,3.9,4.9,1.8,2.673346930143076,2.4000000000000004,1.9,1.9,3.7,20428.6478157394,83.05554724,75.0292682926829,2.04915558023028
Lithuania,2021,38.7,Sustainable,2.8,3.0,3.3,3.7,4.1,5.2,1.5,3.7,2.2,3.4,1.8,4.0,23870.4594851722,86.93054425,74.0365853658537,1.94955292042791
Luxembourg,2019,20.4,Very Sustainable,1.3,3.4,2.7,1.2,1.2,1.7,0.7,1.7,1.0,1.6,3.1,0.8,112696.649059674,97.120635693272,82.6390243902439,0.546198379988419
Luxembourg,2020,18.84924040750671,Very Sustainable,1.0,3.4,2.4000000000000004,1.5,1.1358022791547655,1.6176576524219293,0.5,1.4,1.2458651089925077,1.349915366937506,2.8,0.5,116860.02817236,98.45962893,82.1439024390244,0.578077082223964
Luxembourg,2021,21.1,Very Sustainable,0.7,3.4,2.1,2.6,1.4,1.6,0.5,1.9,1.1,2.8,2.5,0.5,134965.815442152,98.66086333,82.5975609756098,0.47124923612019
Macedonia,2019,64.6,Stable,5.3,7.3,6.6,6.4,4.9,5.2,5.7,3.9,3.2,2.5,7.5,6.1,6718.85826635458,81.4128827618364,76.6024390243903,1.15911628553257
Macedonia,2020,62.13086384675053,Stable,5.0,7.3,6.3,6.1000000000000005,4.6000000000000005,5.5,5.4,3.830863846750532,2.9000000000000004,2.2,7.2,5.8,6659.59651070776,81.40553811,74.3951219512195,1.24058656980426
Macedonia,2021,64.5,Stable,4.7,7.3,6.0,6.5,4.5,6.0,5.1,4.8,3.0,4.2,6.9,5.5,7620.80296977508,81.873703,73.2463414634146,1.45370889108625
Madagascar,2019,80.9,Warning,6.9,7.8,3.5,7.3,9.0,6.7,6.5,8.6,5.6,9.0,3.9,6.2,499.818837622534,9.379400253,63.504,0.545343037675691
Madagascar,2020,79.53029880171496,Warning,6.6000000000000005,7.8,3.2,7.0,8.880230904515388,6.4,6.24142287084925,8.299999999999999,5.804759329429396,9.203885696920931,4.2,5.9,450.771615201509,11.35470009,62.706,0.673153896375499
Madagascar,2021,79.49999999999999,Warning,6.3,7.8,3.3,7.3,9.0,6.1,6.3,8.7,5.8,9.2,4.1,5.6,483.469463351195,13.74590015,62.516,0.67886477563931
Malawi,2019,83.3,Warning,4.8,8.1,5.3,8.0,8.1,7.4,6.1,8.0,5.9,9.1,5.2,7.4,580.889139762475,11.05860043,64.995,0.760781549256416
Malawi,2020,84.01636088313059,Warning,5.1,8.1,5.0,7.7,8.14192263787756,7.1000000000000005,6.6,7.874438245253028,5.6000000000000005,9.4,5.7,7.7,602.507478176106,13.89949989,65.216,0.834281207531417
Malawi,2021,83.2,Warning,4.8,8.4,4.7,7.7,8.0,6.8,7.1,8.2,5.3,9.4,5.4,7.4,617.446994451007,15.30300045,64.782,0.730315165462018
Malaysia,2019,60.5,Stable,5.8,6.8,6.0,3.1,4.5,5.1,6.9,3.6,7.4,4.7,3.4,3.2,10920.191763972,84.1871450078281,75.9,0.893413280938052
Malaysia,2020,57.561895525091394,Stable,5.6618955250913965,6.8,5.7,2.8000000000000003,4.2,4.8,6.6000000000000005,3.3000000000000003,7.1000000000000005,4.4,3.3,2.9000000000000004,9957.52626697613,89.55501192,76.057,0.999653920235799
Malaysia,2021,56.89999999999999,Stable,5.4,6.8,5.4,3.3,4.1,4.5,6.3,4.3,6.8,4.4,3.0,2.6,10903.1037480772,96.7514278,73.917,0.982646998395369
Maldives,2019,69.8,Stable,5.8,8.6,4.2,5.3,3.0,6.2,8.3,5.2,7.7,5.4,4.1,5.9,11740.2724029785,77.46970367,79.707,1.56628172321816
Maldives,2020,66.2,Stable,5.8,8.1,3.9,5.0,2.7,5.9,7.800000000000001,4.9,7.4,5.1000000000000005,4.0,5.6000000000000005,7393.8886543933,79.09780121,78.713,1.56628172321816
Maldives,2021,67.6,Stable,5.5,8.1,4.0,6.5,2.8,5.6,7.5,5.4,7.5,5.4,3.7,5.6,10176.143882547,81.95760345,78.052,1.56628172321816
Mali,2019,94.5,Alert,9.5,5.4,8.1,7.4,7.0,8.3,6.5,8.5,7.6,8.3,8.4,9.6,971.949318638092,24.96030045,59.217,2.75271658139503
Mali,2020,96.04331296449108,Alert,9.5,5.7,8.4,7.288617624493533,7.016941832855339,8.0,7.0,8.8,7.737753507142221,8.600000000000001,8.4,9.6,953.242943290974,29.11300087,58.858,3.39955821425498
Mali,2021,96.6,Alert,9.6,6.2,8.1,7.5,7.2,7.9,7.5,9.1,7.4,8.7,8.1,9.3,1027.27345365357,33.95650101,59.116,3.38177520702573
Malta,2019,34.5,Sustainable,3.0,2.0,3.3,3.7,2.0,3.7,3.3,1.5,3.1,2.4,3.8,2.8,32421.9179752262,85.7785963798031,82.6585365853659,0.491258185670287
Malta,2020,33.593645802064856,Sustainable,2.7,2.0,3.0,3.4000000000000004,1.7,3.824204610299546,3.4,1.4227660588297515,3.100837778857045,2.5458373540785164,3.7,2.8,31823.4363934505,86.85876183,82.0975609756098,0.527674290511624
Malta,2021,36.2,Sustainable,2.4,2.0,2.7,4.0,2.0,3.7,3.1,2.4,3.3,3.7,3.8,3.1,38096.8360735119,87.46977742,82.2585365853659,0.446085155562138
Mauritania,2019,90.1,Alert,6.3,8.8,7.0,7.1,6.2,6.9,8.3,8.6,7.5,8.5,7.4,7.4,1767.072710621,25.0977993,67.64,1.99633301217738
Mauritania,2020,88.74246859603146,Warning,6.6,8.8,7.3,6.8,5.9,6.6000000000000005,8.0,8.390647077647277,7.2,8.451821518384193,7.6,7.1000000000000005,1795.76459566714,29.90649986,66.794,2.38926918122421
Mauritania,2021,89.10000000000001,Warning,6.3,8.8,7.3,7.1,6.4,6.5,7.9,8.7,6.9,8.5,7.9,6.8,1947.78918383313,35.63660049,66.762,2.29399489807024
Mauritius,2019,38.9,Sustainable,1.7,3.2,3.8,4.5,2.9,4.3,2.4,2.9,3.8,3.0,2.3,4.1,11568.2533399824,61.7299551453346,74.2358536585366,0.148796738188038
Mauritius,2020,37.18472003299283,Sustainable,1.5039479205735793,3.2,4.1,4.2,2.6,4.26089737788501,2.1,2.7128088227656093,3.835585345028768,2.871480566739865,2.0,3.8,9135.84773751062,67.73290684,74.1770731707317,0.161615351006251
Mauritius,2021,38.10000000000001,Sustainable,1.2,3.2,4.4,5.4,2.7,4.2,2.1,3.2,3.6,2.9,1.7,3.5,9177.71195973013,71.59999847,73.680243902439,0.171377098585721
Mexico,2019,69.7,Stable,8.8,5.4,6.6,4.5,5.5,5.3,5.9,6.2,5.9,5.5,4.8,5.2,10369.5553585271,69.6321092705209,74.53,0.509337628297564
Mexico,2020,67.19999999999999,Stable,8.8,5.4,6.3,4.2,5.0,5.0,5.6000000000000005,5.9,6.0,5.2,4.9,4.9,8841.27075039868,71.49017499,70.449,0.717690608258695
Mexico,2021,69.89999999999999,Stable,8.5,5.4,6.3,5.0,5.3,4.9,5.5,6.9,5.8,6.7,5.0,4.6,10314.0506722115,75.62650476,69.75,0.659404192954647
Micronesia,2019,73.0,Warning,4.0,5.6,3.7,8.2,7.7,9.6,4.9,5.4,3.8,6.3,3.9,9.9,3572.65918282222,37.97370148,66.196,1.56628172321816
Micronesia,2020,71.23563007855653,Warning,4.0,5.6,3.7,7.899999999999999,7.4,9.3,4.6000000000000005,5.640305681759539,3.545324396796988,6.0,3.6,9.95,3362.02802120524,39.38330078,65.878,1.56628172321816
Micronesia,2021,71.7,Warning,3.7,5.6,3.7,8.5,7.1,9.0,4.3,6.7,3.5,6.0,3.6,10.0,3508.22314197664,39.38330078,66.152,1.56628172321816
Moldova,2019,67.1,Stable,5.5,8.3,7.0,5.8,4.2,6.7,6.3,4.5,4.6,4.2,3.3,6.8,4405.33418162155,73.32610321,70.181,0.362122379105516
Moldova,2020,65.97954327737929,Stable,5.373892370374437,8.3,6.7,5.5,3.9,7.0,6.0,4.7060704179532,4.799580489051664,3.9,3.3,6.5,4375.7788930524,74.11830139,69.914,0.385463275729941
Moldova,2021,67.0,Stable,5.1,8.3,6.4,5.9,3.8,7.5,5.7,5.2,4.5,5.4,3.0,6.2,5274.60582195352,74.91899872,68.991,0.370579924924369
Mongolia,2019,54.1,Stable,3.2,5.5,3.2,4.8,5.8,3.8,4.1,4.8,4.2,4.9,2.6,7.2,4347.54610314873,51.079994082603,71.0531707317073,0.661538119118052
Mongolia,2020,51.93521252189043,Stable,3.215392633825828,5.5,2.9000000000000004,4.5,5.5,3.9624470714356135,3.8,4.720149372556243,3.967776260993986,4.669447183078759,2.3,6.9,4001.25193077703,62.50002848,71.3490243902439,0.709909468541962
Mongolia,2021,52.3,Stable,2.9,5.5,2.6,5.1,5.2,4.2,3.8,5.2,4.0,4.7,2.5,6.6,4517.61578018785,81.60682285,71.6451219512195,0.619505072530135
Montenegro,2019,55.3,Stable,4.6,6.5,8.5,5.3,1.8,4.1,4.1,3.3,3.7,2.2,4.0,7.1,8749.02375172644,73.4766657478691,76.6829268292683,1.33441196432034
Montenegro,2020,55.46679468409825,Stable,4.9,6.5,9.0,5.0,1.5370531926225364,4.4,4.075656991970947,3.362947338053411,3.691137161451357,1.9,3.7,7.399999999999999,7538.53635992191,77.60879306,75.9317073170732,1.73802726045562
Montenegro,2021,58.49999999999999,Stable,4.6,6.5,9.1,6.0,2.0,4.7,3.6,4.4,3.4,3.9,3.4,6.9,9317.15520065156,82.21969752,73.8243902439024,1.55528019503059
Morocco,2019,73.0,Warning,5.2,6.6,8.5,5.2,5.4,7.9,6.8,4.8,6.2,4.6,5.9,5.8,3508.09765625,84.1203630467602,74.245,2.86579837978571
Morocco,2020,71.22105197870692,Warning,5.214307170251884,6.6,8.8,5.17168670131114,5.1000000000000005,7.6,6.830895471937364,4.604162635206544,5.9,4.3,5.6000000000000005,5.5,3268.0302734375,84.12036305,73.133,3.97969764255599
Morocco,2021,71.5,Warning,4.9,6.6,8.5,6.2,5.0,7.5,6.8,5.1,5.6,4.8,5.3,5.2,3785.93627929688,88.13031937,73.385,3.74975618124605
Mozambique,2019,88.7,Warning,6.7,6.6,5.6,8.6,9.3,7.7,6.8,9.1,5.6,9.3,5.9,7.4,519.09255091362,12.47929955,61.306,1.38807982041907
Mozambique,2020,91.69371296150742,Alert,6.849035223109384,7.1,5.3,8.302586287881116,9.492917357087364,7.4,7.3,9.373286883147546,5.3,9.8,7.6,7.87588721028202,462.433876479921,14.28740025,61.39,2.02272611905463
Mozambique,2021,93.9,Alert,7.3,6.6,5.8,8.3,9.2,7.3,7.0,9.9,7.4,9.8,7.7,7.6,509.907829475551,16.35759926,60.268,1.91141353069573
Myanmar,2019,94.3,Alert,8.7,8.0,9.8,5.3,7.1,6.9,8.3,8.3,9.3,5.8,9.1,7.7,1425.98954241668,36.54050064,66.457,2.18974000019248
Myanmar,2020,94.0,Alert,8.799999999999999,8.0,9.8,5.0,7.0,6.800000000000001,8.0,8.4,9.4,6.3,9.1,7.4,1490.21683599469,45.4477005,66.612,3.12332883859715
Myanmar,2021,93.79999999999998,Alert,8.9,8.3,9.9,4.8,7.1,6.5,8.1,8.9,9.1,6.3,8.8,7.1,1242.7213439951,45.4477005,65.553,4.07092298980473
Namibia,2019,66.4,Stable,5.1,3.5,5.2,7.0,7.9,6.8,3.0,6.8,3.2,7.8,4.4,5.8,4731.9210318831,49.77590179,63.546,3.29742631401913
Namibia,2020,65.09591525499161,Stable,5.0844581725986,3.5,4.9,6.933347397957134,7.6,6.5,2.969021820413545,7.1,2.9000000000000004,7.909087864022327,4.2,5.5,3878.58982993966,57.8608017,64.071,3.48015259214476
Namibia,2021,64.30000000000001,Stable,4.8,3.5,4.6,7.4,7.4,6.2,3.0,7.4,2.6,8.1,4.1,5.2,4412.8355693052,60.25999832,60.85,3.2264092268075
Nepal,2019,84.7,Warning,5.9,8.8,9.7,5.6,6.1,6.2,6.6,6.6,7.1,8.4,7.2,6.5,1203.14294706401,33.33660126,69.299,1.23581135255825
Nepal,2020,82.56660214637142,Warning,5.6000000000000005,8.8,9.748870493625386,5.3,5.8,6.117731652746049,6.3,6.3,6.8,8.1,7.5,6.2,1154.21517578318,36.96530151,69.106,1.32338446484361
Nepal,2021,82.2,Warning,5.3,8.8,9.4,5.3,5.8,6.2,6.4,7.3,6.5,8.1,7.2,5.9,1252.75076731986,40.98910141,68.385,1.21581594858048
Netherlands,2019,24.8,Very Sustainable,2.1,3.4,4.2,2.1,1.6,2.5,1.0,0.8,1.0,1.9,3.2,1.0,53554.9007491475,93.2885906040269,82.1121951219512,1.29180842332848
Netherlands,2020,22.85983518750152,Very Sustainable,2.4,3.4,3.9,1.8244095707007253,1.3,2.450243372728122,0.7,0.7848544712076913,0.888005066085088,1.6123227067798904,2.9000000000000004,0.7,53467.9277413737,91.33333333,81.3585365853659,1.40607718904592
Netherlands,2021,24.1,Very Sustainable,2.2,3.4,3.6,2.2,1.6,2.4,0.5,1.3,0.7,3.1,2.6,0.5,60141.9880911492,92.05298013,81.309756097561,1.36537490886658
New Zealand,2019,20.1,Very Sustainable,1.4,1.4,3.2,3.2,1.9,2.3,0.6,1.0,0.8,1.7,1.7,0.9,42855.831861632,89.86370087,82.0560975609756,1.29326329516102
New Zealand,2020,17.879896291384675,Very Sustainable,1.5,1.4,2.9000000000000004,2.9000000000000004,1.6,2.0,0.5,0.8798962913846734,0.5,1.4,1.7,0.6000000000000001,41997.7830324279,90.92099762,82.2560975609756,1.3399501211388
New Zealand,2021,18.4,Very Sustainable,1.4,1.4,2.6,3.4,2.1,1.6,0.5,1.4,0.5,1.4,1.6,0.5,49950.4251691316,91.99060059,82.2073170731707,1.16477544956865
Nicaragua,2019,78.1,Warning,5.8,7.1,5.9,5.7,7.4,7.9,8.1,6.2,7.3,5.1,4.2,7.4,1958.62051528095,39.01079941,73.764,0.605020089397565
Nicaragua,2020,77.07751153310853,Warning,6.1,7.1,5.6000000000000005,5.550137528301343,7.300000000000001,7.6,8.4,5.927374004807192,7.6,4.8,4.0,7.1000000000000005,1938.44704754382,44.87490082,70.766,0.629971870953776
Nicaragua,2021,77.1,Warning,5.8,7.1,5.9,6.0,7.0,7.7,8.6,6.4,7.3,4.8,3.7,6.8,2138.38588469449,51.62039948,70.478,0.549759399022683
Niger,2019,96.2,Alert,8.7,8.9,7.7,7.1,8.0,7.6,7.3,9.3,6.8,8.8,8.3,7.8,561.691304349698,11.28549957,60.031,1.91733600650351
Niger,2020,95.31488303494451,Alert,8.799999999999999,8.9,7.8,6.8,7.7,7.3,7.0,9.196186164435042,6.942571189989289,8.72561298356892,8.4,7.750512696951267,579.512495758236,11.85680008,59.89,1.73360752172491
Niger,2021,96.0,Alert,8.9,9.3,7.5,6.8,7.8,7.0,7.1,9.7,7.1,8.8,8.5,7.5,608.722439593808,12.45689964,59.542,1.35730093120168
Nigeria,2019,98.5,Alert,9.0,9.9,9.4,7.8,8.1,6.9,8.0,8.9,8.3,9.2,7.2,5.9,3189.81286498516,29.74410057,53.009,0.459170524387093
Nigeria,2020,97.2675111298435,Alert,8.7,9.9,9.1,7.851499010833221,7.8,6.6000000000000005,8.1,8.8689514970993,8.379711729689621,9.339818950110857,6.9,5.727529942110489,2797.18458068686,31.88879967,53.072,0.632022913474166
Nigeria,2021,98.0,Alert,8.8,9.6,8.8,8.6,7.7,6.5,8.4,9.3,8.7,9.3,6.6,5.7,2787.48779224428,35.50979996,53.455,1.01270192678284
North Korea,2019,92.7,Alert,8.3,8.5,5.8,8.9,7.5,4.4,10.0,8.6,9.4,7.1,4.4,9.8,6673.97429035651,69.244098665,72.928,1.56628172321816
North Korea,2020,90.21129784524967,Alert,8.3,8.5,5.5,8.6,7.2,4.1000000000000005,9.911297845249694,8.299999999999999,9.4,6.8,4.1000000000000005,9.5,6673.97429035651,69.244098665,72.783,1.56628172321816
North Korea,2021,89.99999999999999,Warning,8.0,8.8,5.2,8.9,7.3,3.8,9.9,8.6,9.4,7.1,3.8,9.2,6673.97429035651,69.244098665,73.437,1.56628172321816
Norway,2019,18.0,Very Sustainable,2.1,1.1,3.3,1.9,1.0,1.3,0.6,0.8,0.9,1.2,2.8,1.0,76430.5889473338,98.0000043853142,82.9585365853659,1.84373537818427
Norway,2020,16.19121048702654,Very Sustainable,1.8,1.1,3.6,1.6912104870265408,0.7,1.0,0.5,1.1,0.6000000000000001,0.8999999999999999,2.5,0.7,68340.0181033702,94.60755647,83.209756097561,1.96598369239436
Norway,2021,16.6,Very Sustainable,1.8,1.1,3.3,1.9,1.0,0.8,0.5,1.6,0.5,1.4,2.2,0.5,93072.8925119571,99.0000036,83.1634146341463,1.67632184694899
Oman,2019,50.0,Stable,3.6,6.6,2.3,4.1,4.2,2.5,7.0,2.9,7.5,4.2,2.1,2.9,19180.1864152801,90.25939941,79.946,7.43921190765759
Oman,2020,47.99116056937856,Sustainable,3.3000000000000003,6.6,2.0,4.199999999999999,3.9,2.2,6.9122379051207,2.682714517277864,7.2,3.996208146979987,1.8,3.2,16784.8630630058,95.23229321,77.763,8.03024250539625
Oman,2021,50.4,Stable,3.0,6.6,2.3,5.0,4.1,1.9,6.9,3.7,7.0,4.5,1.9,3.5,19403.4600160211,95.23880005,75.969,6.62317519939364
Pakistan,2019,94.2,Alert,8.5,9.3,9.4,6.3,5.9,6.8,7.9,8.0,7.4,7.8,8.1,8.8,1390.41690981745,17.070901719916,66.729,3.50584031595126
Pakistan,2020,92.07809303255932,Alert,8.2,9.0,9.1,7.0780930325593046,5.6000000000000005,6.5,7.6,7.7,7.1000000000000005,7.899999999999999,7.8,8.5,1278.39735206896,18.935,65.701,3.48667909020303
Pakistan,2021,90.5,Alert,7.9,9.0,8.8,7.1,5.3,6.2,7.3,8.0,7.3,7.9,7.5,8.2,1455.31922370186,18.935,65.773,3.38923879613996
Palestine,2021,86.0,Warning,6.0,8.9,5.0,7.0,4.9,8.8,8.8,4.2,7.7,8.5,6.2,10.0,5792.618512308425,69.55385523526044,72.2655243902439,1.56628172321816
Panama,2019,47.0,Sustainable,5.2,2.2,5.6,2.8,6.6,4.6,2.9,4.4,3.8,4.1,2.5,2.3,16477.9066268111,63.6284147731451,78.514,1.56628172321816
Panama,2020,45.98191488845223,Sustainable,5.5,2.2,5.578636093788422,2.73776182137433,6.3,4.3,2.8649818861158307,4.4279602431542,3.5,3.8,2.5,2.272574844019439,13290.5608397749,64.82430267,76.33,1.56628172321816
Panama,2021,48.7,Sustainable,5.2,2.2,5.6,3.7,6.2,4.0,3.1,5.4,3.8,5.3,2.2,2.0,15509.8069124139,66.04270172,77.004,1.56628172321816
Papua New Guinea,2019,83.1,Warning,6.7,7.1,5.7,6.4,8.8,7.1,6.2,9.1,7.0,8.1,4.6,6.2,2575.77274140393,13.62419987,65.331,0.362698688154268
Papua New Guinea,2020,82.29729048388526,Warning,7.0,7.1,5.4,6.695407592000413,9.1,6.8,6.031467132374356,9.183661410297953,6.886754349212545,7.6,4.6,5.9,2429.61134585269,15.02040005,65.075,0.393261831182209
Papua New Guinea,2021,80.89999999999999,Warning,6.7,7.1,5.1,7.0,8.8,6.5,6.0,9.3,6.9,7.6,4.3,5.6,2607.57861874444,16.55960083,64.358,0.329678128303653
Paraguay,2019,67.0,Stable,6.2,7.8,5.2,4.9,7.3,5.6,6.8,5.6,5.7,4.9,2.9,4.2,5821.18199548738,68.5176284222264,73.668,0.973840384070445
Paraguay,2020,65.17819421791758,Stable,6.242424227358593,7.8,4.9,4.6000000000000005,7.0,5.3,6.5,5.3,5.4,5.0,3.0,4.135769990558996,5365.47220721104,73.95751114,72.72,1.02757342677333
Paraguay,2021,66.4,Stable,6.3,7.8,4.6,4.9,7.1,5.0,6.6,6.3,5.5,5.5,3.0,3.8,5976.93179789949,77.01838621,68.108,0.91821461942659
Peru,2019,68.2,Stable,6.5,6.9,8.0,3.6,6.8,6.8,6.6,6.1,3.7,6.2,4.1,2.9,7037.00803692604,59.9505036049006,76.275,1.20589146228792
Peru,2020,67.62810848276709,Stable,6.428108482767096,7.4,8.3,3.3000000000000003,6.5,6.5,7.1,6.4,3.4000000000000004,5.9,3.8,2.6,6133.32552410183,65.25179796,73.832,1.31677830419866
Peru,2021,71.4,Warning,6.1,7.4,8.6,4.8,6.4,6.2,7.2,7.4,3.5,7.4,4.1,2.3,6826.20255614477,71.10782643,71.596,1.1644987739258
Philippines,2019,83.1,Warning,9.5,8.0,7.9,4.9,5.1,6.0,7.2,6.1,7.4,7.5,6.9,6.6,3400.78949767074,43.0266118680279,69.68,1.13133132483668
Philippines,2020,80.99999999999999,Warning,9.2,8.0,7.6,4.6000000000000005,4.8,5.7,7.3,5.8,7.5,7.6,6.6000000000000005,6.3,3227.57910235199,53.76490021,70.097,1.29724003910725
Philippines,2021,82.39999999999999,Warning,9.3,8.0,7.3,5.3,5.2,5.4,7.4,6.8,7.8,7.6,6.3,6.0,3484.38593882819,66.90779877,66.675,1.40682254131819
Poland,2019,42.8,Sustainable,2.4,4.2,6.2,3.8,2.4,4.7,4.1,2.1,4.2,2.4,3.0,3.4,15874.5220531254,80.4359068768673,77.9048780487805,1.95338318505019
Poland,2020,41.02873391869986,Sustainable,2.7,4.2,5.9,3.5,2.1,4.62425044149712,4.199999999999999,2.0044834772027382,3.9,2.1,2.7,3.1,16150.9304813473,83.18488715,76.4,2.26305371895405
Poland,2021,43.1,Sustainable,2.4,4.2,5.6,3.8,2.4,4.6,4.3,3.0,4.0,3.6,2.4,2.8,18635.5104895754,85.37490906,75.3512195121951,2.21716328801834
Portugal,2019,25.3,Very Sustainable,1.0,2.5,1.9,4.5,1.9,2.2,1.0,2.2,1.2,2.1,1.8,2.9,23343.3628970034,75.3463779408712,81.6756097560976,1.37395750042211
Portugal,2020,23.51466331089092,Very Sustainable,0.7,2.5,1.6,4.0,1.670241987450679,2.5,0.8197920437077559,1.9,0.8999999999999999,1.8,1.924629279732489,3.2,22299.4044062173,78.26166044,81.3292682926829,1.42613611053982
Portugal,2021,26.8,Very Sustainable,0.5,2.5,1.3,4.8,2.0,2.8,0.8,2.9,1.1,3.3,1.8,3.0,24711.4510062111,82.30902804,81.3780487804878,1.51644104082545
Qatar,2019,45.4,Sustainable,2.0,5.0,4.0,1.5,4.6,2.1,6.4,1.3,6.4,3.2,1.4,7.6,66841.3623185691,99.6528042086389,82.945,6.4523551123317
Qatar,2020,43.73987834909789,Sustainable,1.7,5.0,3.7,1.2,4.6,1.8,6.354599815203109,1.385278533894788,6.1000000000000005,2.9000000000000004,1.7,7.3,51683.5681078949,99.65284913,80.409,6.4523551123317
Qatar,2021,44.1,Sustainable,1.4,5.0,3.4,1.6,4.7,1.5,6.4,2.9,6.1,3.4,1.4,6.3,71751.9363398856,99.65280151,81.083,6.4523551123317
Romania,2019,47.8,Sustainable,2.5,5.7,6.2,4.4,3.6,4.5,5.6,3.4,3.5,2.6,2.3,3.6,12909.6104013244,73.6574757545465,75.6073170731707,1.83079024096076
Romania,2020,46.65460149468231,Sustainable,2.401909752989619,5.7,5.9,4.1000000000000005,3.3000000000000003,4.909004324322407,5.3,3.2691941359262167,3.274493281444065,2.3000000000000003,2.3,3.9,13009.1770573223,78.45526895,74.2536585365854,2.00415209230412
Romania,2021,51.0,Stable,2.1,5.7,6.0,4.5,3.8,5.4,5.0,4.8,3.6,4.3,2.1,3.7,14907.9803652143,83.5904265,72.809756097561,1.84762902286434
Russia,2019,74.7,Warning,8.3,8.1,8.6,4.6,5.6,3.6,8.2,3.6,9.1,4.4,5.2,5.4,11447.701171875,82.6421618670668,73.0839024390244,3.86033750437073
Russia,2020,72.55858319621083,Warning,8.0,8.1,8.299999999999999,4.9,5.3,3.458583196210854,8.299999999999999,3.3000000000000003,8.799999999999999,4.1000000000000005,4.9,5.1000000000000005,10108.3271484375,84.99466978,71.3387804878049,4.14471713241985
Russia,2021,73.59999999999998,Warning,7.7,8.4,8.0,5.2,5.2,3.4,8.5,4.3,8.9,4.6,4.6,4.8,12425.029296875,88.21384578,69.900243902439,3.57591678846302
Rwanda,2019,87.5,Warning,6.0,8.0,9.8,6.2,7.8,7.1,6.8,6.8,6.6,7.4,8.1,6.9,810.051412137354,21.3579998,66.691,1.19793121977431
Rwanda,2020,86.02952230051775,Warning,6.055203794650836,8.0,9.899951585980176,5.908512802094449,7.789591792332359,6.8,6.861576396852225,6.5,6.3,7.514685928607721,7.8,6.6000000000000005,778.701498925026,23.8,66.953,1.47371574450349
Rwanda,2021,84.99999999999999,Warning,5.8,8.0,9.6,5.8,7.7,6.5,6.8,7.5,6.0,7.5,7.5,6.3,829.544845263697,24.4416008,66.85,1.5121767339852
Samoa,2019,64.2,Stable,4.1,5.1,4.2,6.2,4.3,9.5,4.9,4.3,3.9,5.1,2.9,9.7,4351.94234943706,69.244098665,70.269,1.56628172321816
Samoa,2020,63.2966485589962,Stable,4.1,5.1,4.2,6.038755757841343,4.0,9.75,4.6000000000000005,4.241955627994779,3.615940035288566,5.199999999999999,2.6,9.849997137871508,4099.59660548583,69.244098665,70.727,1.56628172321816
Samoa,2021,64.2,Stable,3.8,5.1,4.5,6.5,3.7,9.9,4.3,4.8,3.6,5.2,2.9,9.9,4021.55934894283,69.244098665,71.096,1.56628172321816
Sao Tome and Principe,2019,71.1,Warning,5.0,6.3,4.2,8.2,6.0,8.5,5.0,5.3,2.9,6.4,4.8,8.5,1935.2931816596,44.25790024,68.043,1.56628172321816
Sao Tome and Principe,2020,70.28190046461518,Warning,5.0,6.3,4.2,7.899999999999999,5.703499675649326,8.2,4.7,5.6,2.9566284901668825,6.393653788589591,5.1,8.228118510209384,2167.22001796925,51.55469894,67.979,1.56628172321816
Sao Tome and Principe,2021,71.5,Warning,4.7,6.3,4.2,8.9,6.2,7.9,4.4,6.4,3.0,6.7,4.9,7.9,2362.58827248102,54.94950104,68.026,1.56628172321816
Saudi Arabia,2019,70.4,Warning,6.0,8.5,8.4,4.2,4.7,3.9,8.4,3.2,9.3,4.7,4.4,4.7,29566.7933827436,95.7247355953812,78.313,7.79458844216861
Saudi Arabia,2020,68.80000000000001,Stable,6.0,8.5,8.700000000000001,3.9,4.7,3.6,8.1,2.9000000000000004,8.9,4.4,4.1000000000000005,5.0,24338.8307301067,97.8623325,77.596,8.7921741101353
Saudi Arabia,2021,69.7,Stable,5.7,8.5,9.0,4.3,4.7,3.3,7.8,4.4,8.6,4.9,3.8,4.7,31920.7653655643,100.0,77.089,7.22921983667662
Senegal,2019,77.2,Warning,5.6,7.0,5.8,7.1,7.0,7.7,4.1,7.4,5.4,7.4,6.7,6.1,1431.18128932159,43.37969971,67.668,1.52473710605653
Senegal,2020,74.5646477541905,Warning,5.382238107524531,7.0,5.5,6.906552728947596,6.97925250642478,7.4,3.8,7.196604411293606,5.1000000000000005,7.1000000000000005,6.4,5.8,1461.08720350553,53.30879974,67.496,1.40872642077366
Senegal,2021,73.39999999999999,Warning,5.1,7.0,5.2,7.3,6.7,7.5,3.6,7.5,4.8,7.1,6.1,5.5,1598.10676952274,55.04040146,66.868,1.75617528439428
Serbia,2019,68.0,Stable,5.1,8.0,7.7,6.2,4.2,5.3,5.5,3.6,4.1,3.7,8.0,6.6,7755.632986437,77.4167736219802,75.9365853658537,2.18222737795041
Serbia,2020,66.11626143786188,Stable,4.8,8.0,7.4,5.9,3.972792879607201,5.6,5.2,3.443468558254674,3.8,3.4000000000000004,7.7,6.9,8098.70955668849,78.36804864,74.4780487804878,2.29536613396667
Serbia,2021,67.4,Stable,4.5,8.3,7.1,6.1,4.3,5.9,5.5,3.9,3.5,3.9,7.4,7.0,9680.52798074468,81.16588116,72.780487804878,2.72904089938996
Seychelles,2019,55.2,Stable,5.8,6.0,4.2,3.9,5.3,5.7,4.9,2.1,3.8,4.5,2.6,6.4,19141.5118743615,76.63420105,74.0463414634146,1.1603964906236
Seychelles,2020,54.6754977355289,Stable,5.747338084918949,6.0,4.2,3.6,5.6,5.622563088021256,4.6000000000000005,2.24941083572678,3.856185726861909,4.2,2.3,6.7,14041.4754074575,79.25170135,77.2365853658537,1.36712279790406
Seychelles,2021,56.3,Stable,5.4,6.0,4.1,5.1,6.1,5.3,4.3,2.8,4.2,4.2,2.1,6.7,14982.9111487767,81.99530029,73.3975609756097,2.46023265148376
Sierra Leone,2019,86.8,Warning,4.4,7.8,6.2,8.6,8.3,8.0,6.3,8.8,5.2,8.5,7.4,7.3,843.712517809977,15.71370029,59.593,0.37632567182809
Sierra Leone,2020,84.35580251344358,Warning,4.1000000000000005,7.8,5.9,8.299999999999999,8.0,7.7,6.0,8.5,5.155802513443588,8.8,7.1000000000000005,7.0,845.277557920549,17.12080002,59.694,0.486095493916065
Sierra Leone,2021,83.4,Warning,3.8,7.8,5.6,8.5,7.9,7.4,5.7,8.8,5.0,8.8,7.4,6.7,885.396401885395,18.65390015,60.26,0.600261617809604
Singapore,2019,28.1,Very Sustainable,1.0,4.0,2.0,1.4,3.2,2.7,3.9,1.0,4.6,2.2,1.1,1.0,65952.0378959293,88.9492526850762,83.5951219512195,2.75970653894344
Singapore,2020,26.3261946557654,Very Sustainable,1.0,4.0,1.7,1.1,2.9000000000000004,2.4000000000000004,3.8447494519011287,1.0,4.335344653926388,2.046100549937882,1.0,1.0,61410.0792630788,92.00434653,83.5439024390244,2.80306272990798
Singapore,2021,26.6,Very Sustainable,0.7,4.0,2.2,1.6,3.0,1.9,3.7,1.5,4.5,2.1,0.7,0.7,80056.1288247844,96.92468156,83.0926829268293,2.53704638803611
Slovak Republic,2019,40.5,Sustainable,1.8,5.0,6.3,4.0,2.9,4.0,4.4,2.0,2.4,1.7,3.2,2.7,5792.618512308425,69.55385523526044,72.2655243902439,1.56628172321816
Slovak Republic,2020,38.22181460375541,Sustainable,1.5326605093420147,5.0,6.0,3.7,2.6,4.026438092545177,4.1000000000000005,2.1367614254366787,2.4259545764315424,1.4,2.9,2.4000000000000004,5792.618512308425,69.55385523526044,72.2655243902439,1.56628172321816
Slovakia,2021,39.00000000000001,Sustainable,1.2,4.7,5.7,4.3,2.6,4.1,3.8,3.2,2.3,2.4,2.6,2.1,22123.3342114545,88.92560523,74.6146341463415,1.71243604796751
Slovenia,2019,28.0,Very Sustainable,1.0,2.0,4.2,3.2,2.8,3.6,2.1,1.3,1.0,1.7,3.4,1.7,25814.1687167572,83.1083578026717,81.5292682926829,1.06257823971417
Slovenia,2020,25.84648022438141,Very Sustainable,0.7105728789142898,2.0,3.9,2.9000000000000004,2.5,3.591275613508527,1.8,1.3775406496629232,1.1670910822956722,1.4,3.1,1.4,25392.0651093612,86.60130109,80.5317073170732,1.0654982010929
Slovenia,2021,28.2,Very Sustainable,0.5,2.0,3.6,3.4,2.4,3.6,1.9,2.4,1.1,3.4,2.8,1.1,29192.8401933019,89.00399524,80.6756097560976,1.23984465824347
Solomon Islands,2019,81.9,Warning,5.9,8.2,5.9,7.1,8.4,6.9,6.2,7.8,4.6,7.7,4.4,8.8,2223.65890942466,22.48880005,69.981,1.56628172321816
Solomon Islands,2020,79.74524648137532,Warning,5.9,8.2,5.6000000000000005,6.8,8.1,6.6000000000000005,5.9,7.745246481375322,4.3,7.4,4.1,9.1,2063.32780991967,24.1984005,69.258,1.56628172321816
Solomon Islands,2021,79.30000000000001,Warning,5.6,8.2,5.3,7.2,8.0,6.3,5.6,7.9,4.0,7.4,4.4,9.4,2043.44413170658,26.03790092,68.89,1.56628172321816
Somalia,2019,112.3,Very High Alert,9.6,10.0,8.9,8.8,9.4,9.2,9.0,9.4,9.3,10.0,9.4,9.2,539.954816211694,2.731400013,57.249,0.828653957250144
Somalia,2020,110.88895932474604,Very High Alert,9.811328490086028,10.0,8.6,9.1,9.367150545702447,8.899999999999999,8.888107355505014,9.1,9.0,9.981087160877715,9.1,9.041285772574858,518.16113333875,15.02369976,57.095,1.1376518312471
Somalia,2021,110.9,Very High Alert,9.3,10.0,8.3,9.2,9.5,8.8,9.2,9.8,8.7,10.0,9.2,8.9,549.056994756254,23.87479973,55.703,1.17069801771404
South Africa,2019,71.1,Warning,6.5,6.6,6.1,7.3,6.9,5.5,6.5,6.7,4.2,6.6,4.8,3.4,6533.71121032856,69.69689941,66.071,0.882430271670915
South Africa,2020,70.1072430706828,Warning,6.719999693225616,6.6,6.199999999999999,7.507130193326294,6.800000000000001,5.2,6.2,6.4,3.9,6.572575413689942,4.5,3.50753777044095,5580.60383075189,72.1128006,65.15,0.956510732317856
South Africa,2021,70.0,Warning,6.4,6.3,5.9,8.3,6.7,4.9,5.9,6.9,4.2,7.1,4.2,3.2,6828.75624590017,74.96859741,62.01,0.805965112062888
South Korea,2019,33.7,Sustainable,2.1,3.9,2.7,1.9,2.4,3.7,3.6,1.3,3.2,2.3,1.6,5.0,33826.9443301597,96.157579184239,83.2268292682927,2.51931997944066
South Korea,2020,32.01527342958986,Sustainable,2.4,3.9,2.4000000000000004,1.7080754291752975,2.1,3.5950614471417763,3.3000000000000003,1.2430759640761129,3.0690605891966767,2.0,1.6,4.7,33645.7719545073,96.50506052,83.4268292682927,2.64297706902012
South Korea,2021,32.50000000000001,Sustainable,2.1,3.9,2.3,1.9,2.2,3.5,3.0,2.2,3.1,2.3,1.6,4.4,37518.4635305697,97.57132698,83.5268292682927,2.61904941244001
South Sudan,2019,112.2,Very High Alert,9.7,9.7,9.4,9.8,8.9,6.5,10.0,9.8,9.3,9.7,10.0,9.4,6673.97429035651,6.671000004,58.129,3.80125272262975
South Sudan,2020,110.75219038198196,Very High Alert,9.4,9.7,9.1,9.5,9.2,6.8,9.944414608413735,9.5,9.0,9.450356501605944,9.7,9.45741927196228,6673.97429035651,6.671000004,57.648,1.86635872996114
South Sudan,2021,109.4,Very High Alert,9.7,9.2,8.8,9.2,8.9,6.7,9.5,10.0,8.7,9.5,9.9,9.3,6673.97429035651,6.671000004,57.047,1.51129459315632
Spain,2019,40.7,Sustainable,3.4,6.9,6.1,4.6,2.9,1.3,6.9,1.9,1.2,1.4,2.0,2.0,29786.5245689007,90.718665325267,83.8317073170732,1.22464525288942
Spain,2020,40.35163335620069,Sustainable,3.7,6.9,6.4,4.3,2.6,1.0591953071419833,7.2,1.9150287798347003,0.9127190272343167,1.5,1.9,1.9646902419896923,27233.9426461608,93.20564892,82.2317073170732,1.35429599703865
Spain,2021,44.8,Sustainable,3.4,6.9,6.7,5.3,2.9,1.2,6.9,2.9,1.2,3.5,2.2,1.7,30799.4775937775,93.89752157,83.1780487804878,1.33768901652321
Sri Lanka,2019,84.0,Warning,6.8,9.1,9.0,5.5,6.5,7.1,6.9,4.5,8.4,6.0,7.8,6.3,4081.94772722003,32.02090073,76.698,1.75219928060225
Sri Lanka,2020,81.8,Warning,7.1,9.1,9.1,5.2,6.2,7.0,6.6000000000000005,4.2,8.1,5.7,7.5,6.0,3847.60137695639,36.18473435,76.928,1.73988733298184
Sri Lanka,2021,80.50000000000001,Warning,6.8,9.1,8.6,5.6,5.9,6.7,6.3,4.7,8.2,5.7,7.2,5.7,3996.96240014909,44.45308724,76.278,1.71265688710699
Sudan,2019,108.0,Very High Alert,8.4,9.7,10.0,8.1,7.7,8.3,9.8,8.6,9.4,9.4,9.6,8.9,709.975280761719,69.244098665,65.803,1.62906799271331
Sudan,2020,104.76588517295876,Very High Alert,8.37703025123304,9.4,9.39911467501639,8.075022252731817,8.0,8.0,9.3,8.314717993977492,8.9,9.1,9.3,8.6,577.795227050781,69.244098665,65.124,0.975842222955387
Sudan,2021,105.2,Very High Alert,8.1,9.1,9.5,9.1,8.3,7.7,8.8,8.8,8.6,9.1,9.4,8.7,712.122009277344,69.244098665,64.46,0.925377247984565
Suriname,2019,61.9,Stable,4.6,5.8,5.8,7.0,5.9,6.2,4.4,5.0,4.3,5.1,2.5,5.3,6629.66775248603,62.03350067,71.773,1.56628172321816
Suriname,2020,60.12230683109472,Stable,4.3,5.8,6.1,6.7,5.6000000000000005,5.9,4.1000000000000005,4.7,4.0,4.8,2.8,5.322306831094723,4755.39221710693,62.03350067,72.321,1.56628172321816
Suriname,2021,61.50000000000001,Stable,4.0,5.8,6.4,7.8,5.3,5.6,3.8,5.2,4.2,5.3,3.1,5.0,5029.84838543953,62.03350067,68.943,1.56628172321816
Sweden,2019,20.3,Very Sustainable,2.7,1.8,1.7,1.5,1.5,1.1,0.8,0.9,0.9,1.6,4.9,0.9,51648.9892820514,94.4934434072202,83.109756097561,1.09692312001944
Sweden,2020,18.20920194989516,Very Sustainable,3.0,1.8,1.4,1.50690386330653,1.2,0.8409915356545155,0.5,0.8613065509341082,0.6000000000000001,1.3,4.6000000000000005,0.6000000000000001,52568.5726980146,94.53943122,82.3560975609756,1.15009466283262
Sweden,2021,21.4,Very Sustainable,2.7,1.8,1.7,1.9,1.7,0.7,0.5,1.4,0.9,3.3,4.3,0.5,60647.5416365347,94.6703163,83.0560975609756,1.18992635880485
Switzerland,2019,18.7,Very Sustainable,1.1,1.0,3.3,1.9,1.8,1.7,0.7,1.0,1.4,1.4,2.7,0.7,84121.9310304414,93.1460869535177,83.9048780487805,0.696324324760463
Switzerland,2020,17.094085702623488,Very Sustainable,1.4,1.0,3.0,1.6,1.5,1.4,0.5,1.0524990146414512,1.1,1.2415866879820388,2.8,0.5,85897.7843338323,94.34999847,83.0,0.772558973227674
Switzerland,2021,19.9,Very Sustainable,1.6,1.0,2.7,2.0,1.8,1.1,0.5,1.6,0.8,3.2,3.1,0.5,93664.7736696111,95.56937154,83.7512195121951,0.67289247365512
Syria,2019,111.5,Very High Alert,9.8,9.9,10.0,8.8,7.5,8.4,9.9,9.4,10.0,7.9,10.0,10.0,1109.53926036049,69.244098665,70.97,1.56628172321816
Syria,2020,110.74969653593256,Very High Alert,9.9,9.9,10.0,8.686367257698269,7.2,8.413343401338238,9.95,9.1,10.0,7.6,10.0,9.999985876896057,572.355289831901,69.244098665,71.944,1.56628172321816
Syria,2021,110.7,Very High Alert,9.6,9.9,9.7,9.6,7.1,8.2,10.0,9.6,9.7,7.6,9.7,10.0,663.614245706815,69.244098665,72.418,1.56628172321816
Tajikistan,2019,77.7,Warning,6.1,8.4,6.8,6.7,4.5,6.0,9.0,5.2,8.6,7.3,3.8,5.3,871.022372934846,22.68630028,70.962,0.996966249525976
Tajikistan,2020,75.50515391672525,Warning,6.031020278255557,8.4,6.5,6.4,4.2,5.7,9.018296159798515,4.949441963271443,8.324226120324951,7.0,3.8,5.182169395074785,834.311715460625,27.54409981,68.605,0.947973986993497
Tajikistan,2021,75.1,Warning,5.7,8.4,6.7,6.3,4.3,5.6,9.2,4.9,8.5,7.0,3.6,4.9,896.748053372182,36.70560074,69.594,1.00261189599905
Tanzania,2019,80.1,Warning,5.4,5.7,5.0,6.2,7.1,7.6,6.3,8.8,6.4,8.3,6.1,7.2,1063.32250976563,16.59090042,66.007,1.06113270582911
Tanzania,2020,78.14413662466475,Warning,5.475616044169103,5.7,4.7,5.916975920910515,6.8,7.3,6.4,8.5,6.1000000000000005,8.551544659585122,5.8,6.9,1117.41528320313,19.48139954,66.771,1.07713241782149
Tanzania,2021,79.3,Warning,5.2,6.2,4.9,5.8,7.0,7.0,7.5,8.8,6.2,8.6,5.5,6.6,1159.85656738281,22.87540054,66.131,1.12240771800076
Thailand,2019,73.1,Warning,8.4,9.4,7.9,3.2,4.7,4.7,7.8,3.8,8.1,6.2,5.7,3.2,7605.69657797759,66.6524194587528,77.197,1.32729814008386
Thailand,2020,70.81357974524154,Warning,8.1,9.682,7.6,3.3000000000000003,4.6000000000000005,4.4,7.60786788997722,3.523711855264308,7.8,5.9,5.4,2.9000000000000004,6985.64393892574,77.84374066,77.331,1.46077928107965
Thailand,2021,70.89999999999999,Warning,8.2,9.7,7.3,3.9,4.5,4.1,7.7,4.0,7.9,5.9,5.1,2.6,7057.20754802279,85.26956666,77.606,1.41836848663438
Timor-Leste,2019,85.5,Warning,6.6,8.3,5.9,7.5,6.8,7.6,6.1,7.9,4.7,9.2,5.7,9.2,1562.36458068032,28.00460052,66.496,1.69208066896212
Timor-Leste,2020,82.66311377505994,Warning,6.463113775059945,8.3,5.6000000000000005,7.2,6.5,7.3,5.8,7.6,4.4,8.899999999999999,5.7,8.899999999999999,1630.86938521256,32.01269913,66.919,1.77790106333796
Timor-Leste,2021,80.9,Warning,6.2,8.3,5.3,7.7,6.2,7.0,5.5,7.6,4.2,8.9,5.4,8.6,2684.92676774277,35.04199982,66.199,1.08198620689655
Togo,2019,87.4,Warning,7.0,7.6,5.4,7.0,8.3,7.5,8.5,8.5,7.2,7.5,6.9,6.0,826.255209019798,20.72730064,61.061,2.36248167773665
Togo,2020,85.84143116430509,Warning,6.7,7.6,5.7,6.7,8.445842885101769,7.2,8.5,8.2,6.9,7.530351146418348,6.6000000000000005,5.765237132784981,863.468665870276,29.02370071,61.14,2.16399918335325
Togo,2021,85.1,Warning,6.4,7.6,6.0,7.2,8.3,6.9,8.2,8.5,6.7,7.5,6.3,5.5,962.075187515872,30.33839989,61.337,2.38551286600829
Trinidad and Tobago,2019,53.0,Stable,6.5,5.6,3.6,4.3,4.7,7.8,3.9,3.7,3.6,3.9,2.3,3.1,17212.6128892163,74.98670197,72.836,0.733109759963043
Trinidad and Tobago,2020,51.9451410707907,Stable,6.588957495528617,5.6,3.3000000000000003,4.0,4.7,7.5,3.6,3.533283203978929,3.522900371283149,3.6,2.6,3.4,15283.6270531554,77.28130341,72.645,0.812607258583509
Trinidad and Tobago,2021,52.9,Stable,6.9,5.6,3.0,4.4,4.5,7.2,3.3,4.5,3.7,3.9,2.5,3.4,17712.5674104655,84.36576986,71.111,0.859057055256023
Tunisia,2019,70.1,Warning,7.7,7.8,7.1,6.7,4.9,5.9,6.7,4.0,5.9,3.6,4.1,5.8,3528.87213306798,66.6999983024144,75.599,2.38327777746153
Tunisia,2020,68.12591302617336,Stable,7.4,7.8,6.8,7.2,4.6000000000000005,5.9,6.2,4.014628528518518,5.6000000000000005,3.311284497654845,3.8,5.5,3548.65363663803,68.55639648,75.004,2.71275567542328
Tunisia,2021,69.19999999999999,Stable,7.1,7.5,7.1,7.8,4.5,5.8,5.9,5.0,5.5,4.3,3.5,5.2,3906.93926319391,68.31552226,72.893,2.62965981069507
Turkey,2019,80.3,Warning,7.7,8.8,10.0,4.6,5.3,4.7,7.5,4.6,8.1,4.9,9.0,5.1,9395.23378001368,73.9767022871511,77.737,2.68985897943633
Turkey,2020,79.14739400388918,Warning,7.466498353926334,8.8,9.959586720458177,4.613823759705481,5.0,4.4,7.522168277343455,4.389689463606955,8.29562742884877,4.6000000000000005,8.7,5.4,8798.11791709313,77.6695605,76.525,2.19555218691023
Turkey,2021,79.7,Warning,7.2,8.8,9.7,5.3,4.7,4.1,7.3,5.4,8.0,5.1,8.4,5.7,9981.76398411336,81.40843745,75.722,1.85888321091456
Turkmenistan,2019,71.4,Warning,5.7,7.8,6.0,5.3,6.4,5.1,9.7,5.0,8.9,5.1,2.9,3.5,5998.0017434754,69.244098665,69.405,1.56628172321816
Turkmenistan,2020,69.05814193586684,Stable,5.4,7.8,5.7,5.0,6.1000000000000005,4.8,9.707488741226127,4.7,8.6,4.850653194640705,3.2,3.2,5972.72356566861,69.244098665,68.846,1.56628172321816
Turkmenistan,2021,68.20000000000002,Stable,5.1,7.8,5.6,4.9,6.0,4.5,9.8,4.7,8.6,5.4,2.9,2.9,5723.30227157906,69.244098665,69.353,1.56628172321816
Uganda,2019,95.3,Alert,7.5,8.9,8.3,6.3,7.0,7.3,8.6,7.8,8.0,9.0,9.1,7.5,822.171150036357,11.72579956,66.354,1.71775245377408
Uganda,2020,92.7703684743757,Alert,7.2,8.9,8.0,6.0,6.75027639895046,7.0,8.299999999999999,7.3,7.7,9.220092075425235,8.799999999999999,7.6,845.766463890124,7.4,66.41,2.46768517919382
Uganda,2021,92.9,Alert,6.9,8.9,7.8,6.2,7.0,6.7,8.4,8.0,7.4,9.2,9.1,7.3,882.791717542504,10.0,66.45,2.33814515074458
Ukraine,2019,71.0,Warning,7.1,8.0,6.1,6.5,3.6,5.2,7.6,3.8,6.6,3.6,4.7,8.4,3619.86157226563,70.1248442995263,73.92,4.06793765037597
Ukraine,2020,69.00704175599185,Stable,6.977216185769678,8.0,5.8,6.2,3.3000000000000003,5.503775926525209,7.1,4.026049643696965,6.3,3.3000000000000003,4.4,8.1,3709.76928710938,75.03790912,73.283,4.40031470276707
Ukraine,2021,69.8,Stable,6.7,8.0,5.7,6.8,3.2,5.8,6.8,4.5,6.0,4.3,4.2,7.8,4775.94580078125,79.21829353,71.631,3.42549199562857
United Arab Emirates,2019,40.1,Sustainable,3.1,3.6,2.8,2.2,2.8,2.5,6.6,1.6,7.6,3.4,1.8,2.1,45938.6073581994,99.1499979561243,82.596,1.56628172321816
United Arab Emirates,2020,38.0992251160362,Sustainable,2.8000000000000003,3.6,2.5,1.9,2.8,2.2,6.524939480111084,1.374285635925109,7.3,3.1,1.9,2.1,37991.7492971665,100.0,81.936,1.56628172321816
United Arab Emirates,2021,40.29999999999999,Sustainable,2.5,3.6,2.8,2.4,3.3,2.2,6.4,2.9,7.0,3.6,1.8,1.8,44118.5047192771,100.0,79.083,1.56628172321816
United Kingdom,2019,36.7,Sustainable,3.5,5.5,6.4,3.9,4.0,2.5,2.3,1.5,1.5,1.9,1.6,2.0,43158.7411267323,92.5166285497138,81.3691219512195,1.98525373099586
United Kingdom,2020,38.2604753610204,Sustainable,3.8,5.8,6.4,4.4,3.7,2.4995340205209047,2.9,1.6062945821150745,1.8,1.6209380373460949,1.7337087210383308,2.0,40812.6794663879,94.81820132,80.331756097561,2.16304030547387
United Kingdom,2021,41.50000000000001,Sustainable,3.5,5.8,6.1,5.2,3.5,2.5,3.2,2.6,2.1,3.6,1.7,1.7,47691.3768799404,96.19650269,80.6473170731707,2.07241748249759
United States,2019,38.0,Sustainable,3.5,5.8,6.1,2.1,3.7,1.9,2.6,1.2,3.8,3.3,2.4,1.6,64746.4506778863,89.4302848575712,78.7878048780488,3.40921408383721
United States,2020,38.27275827818653,Sustainable,3.8,6.8,6.199999999999999,1.8411201472953005,3.4000000000000004,1.818508860579324,2.9,1.2131292703119094,3.9,3.0,2.1,1.3,63515.9491807833,90.34470367,76.9804878048781,3.64518757294704
United States,2021,44.6,Sustainable,4.3,7.3,6.5,2.1,3.7,1.8,3.5,2.7,4.4,5.0,2.3,1.0,70205.050916026,91.2684021,76.3292682926829,3.40451991574826
Uruguay,2019,34.0,Sustainable,4.3,2.7,2.2,3.8,3.3,3.8,0.7,2.7,2.9,3.2,2.1,2.3,18315.7316980028,83.3515337667548,77.503,2.0057166464094
Uruguay,2020,33.405777354578404,Sustainable,4.50319973927738,2.7,2.11816495317857,3.730804852367113,3.0,3.868641648078989,0.4846367778425753,2.757466696583698,2.6547258370361684,2.9000000000000004,2.2,2.488136850213915,15757.5355995779,85.47100067,78.381,2.05692189335606
Uruguay,2021,35.900000000000006,Sustainable,4.2,2.7,2.4,4.4,3.3,3.6,0.5,3.8,3.0,3.4,1.9,2.7,17881.818721099,87.64440155,75.434,2.26205420416101
Uzbekistan,2019,75.7,Warning,6.8,8.8,6.6,5.8,6.2,5.5,9.5,4.4,7.9,5.1,5.0,4.1,2041.38480729431,70.3999986481458,72.093,1.56628172321816
Uzbekistan,2020,73.10388718030978,Warning,6.5,8.8,6.3,5.5,5.9,5.2,9.440511660128443,4.1000000000000005,7.6,4.8,4.7,4.263375520181347,1978.28051860763,71.09999824,71.461,1.56628172321816
Uzbekistan,2021,72.00000000000001,Warning,6.2,8.8,6.0,5.4,5.7,5.2,9.3,4.6,7.6,4.8,4.4,4.0,2258.51964119278,76.59043014,71.681,1.56628172321816
Venezuela,2019,89.3,Warning,7.4,8.8,7.6,8.6,6.9,6.1,9.3,8.3,9.0,6.2,5.6,5.5,2523.11275230667,49.05009842,72.766,1.79230375763991
Venezuela,2020,91.15759122974583,Alert,7.244252687927739,9.152,7.3,8.7,6.6000000000000005,6.350284251023837,9.311054290794257,8.4,9.0,6.5,6.6,6.0,1506.0436210041,72.44110107,72.369,1.57552271230291
Venezuela,2021,92.6,Alert,7.3,9.3,7.0,9.8,6.7,6.5,9.5,8.9,9.1,6.5,6.3,5.7,2004.93397949792,74.11219788,71.536,0.313630729266034
Vietnam,2019,66.1,Stable,4.2,6.9,5.8,4.3,4.2,5.9,8.4,4.1,7.8,5.5,4.1,4.9,3440.90025375434,68.6615802057338,74.211,1.56628172321816
Vietnam,2020,63.885397212926094,Stable,4.210822322932687,6.9,5.5,4.0,3.9,5.6000000000000005,8.323292196319452,3.8,7.651282693673965,5.0,4.4,4.6000000000000005,3534.03953482647,70.30000012,75.383,1.56628172321816
Vietnam,2021,63.29999999999999,Stable,3.9,6.9,5.2,3.9,3.8,5.3,8.4,4.3,7.8,5.0,4.5,4.3,3704.1935590038,74.20999985,74.145,1.56628172321816
Yemen,2019,113.5,Very High Alert,10.0,10.0,9.6,9.7,8.1,7.3,9.8,9.8,9.9,9.7,9.6,10.0,6673.97429035651,17.49099922,66.567,1.56628172321816
Yemen,2020,112.43869382016284,Very High Alert,9.7,10.0,9.698870493625387,9.4,7.8,7.0,9.889823326537444,9.5,9.95,9.8,9.7,10.0,6673.97429035651,17.49099922,66.435,1.56628172321816
Yemen,2021,111.7,Very High Alert,9.4,10.0,9.4,9.8,7.7,6.7,9.9,9.8,9.7,9.8,9.8,9.7,6673.97429035651,17.49099922,66.019,1.56628172321816
Zambia,2019,85.7,Warning,5.1,5.9,5.3,7.5,9.4,7.3,8.1,7.3,7.4,9.2,6.1,7.0,1258.98619844462,14.47189999,62.914,1.25568409370479
Zambia,2020,84.47412891194057,Warning,4.8,5.9,5.0,7.802659241308777,9.421156954560534,7.0,7.8,7.721490249680855,7.1000000000000005,9.4288224663904,5.8,6.7,951.644316655957,14.64579964,63.361,1.16572196732911
Zambia,2021,84.89999999999999,Warning,4.5,5.9,5.3,8.8,9.3,6.9,7.5,8.0,7.0,9.4,5.5,6.8,1127.16077872857,14.82190037,62.363,0.982237890875063
Zimbabwe,2019,99.5,Alert,8.8,10.0,6.7,8.1,7.9,7.3,9.4,8.6,8.2,9.0,8.2,7.3,2184.32923855469,26.5883007,61.06,0.653123880490076
Zimbabwe,2020,99.22085680550748,Alert,8.5,10.0,6.4,8.6,7.6,7.0,9.1,8.679234263246721,8.299999999999999,9.3,8.5,7.241622542260763,2059.67445384499,29.29856532,61.53,0.974989311324521
Zimbabwe,2021,99.1,Alert,8.6,10.0,6.1,9.4,7.7,7.1,8.8,9.0,8.0,9.3,8.2,6.9,2613.60542083552,32.5923996,60.135,1.56777878168608
